valid_date,valid_cell_count,masked_cell_count,min_mm,max_mm,mean_mm,p90_mm,p95_mm,heavy_cell_count,very_heavy_cell_count,heavy_valid_area_fraction,very_heavy_valid_area_fraction,heavy_threshold_mm,very_heavy_threshold_mm
2019-09-02,1301,1100,0.0,115.79761505126953,13.284705138408066,40.68183898925781,56.42934799194336,45,1,0.034512369563537294,0.000763181206620877,64.5,115.6
2019-09-03,1301,1100,0.0,132.11866760253906,9.680771863559041,26.938615798950195,42.93791580200195,35,7,0.026906504114562083,0.005365958695486058,64.5,115.6
2019-09-04,1301,1100,0.0,227.6058807373047,13.110433503739152,36.90691375732422,58.38946533203125,54,19,0.041416629131867284,0.014517014099784677,64.5,115.6
2019-09-05,1301,1100,0.0,208.3598175048828,17.62457630905873,55.00906753540039,84.18740844726562,102,32,0.07832877474590003,0.024561031811742743,64.5,115.6
2019-09-06,1301,1100,0.0,179.38650512695312,11.210900891993157,40.668495178222656,59.04191589355469,50,10,0.03829572643059311,0.0076245374874513204,64.5,115.6
2019-09-07,1301,1100,0.0,206.09622192382812,11.241421120949978,35.293365478515625,62.31559371948242,61,10,0.04665834378833193,0.007587745199213615,64.5,115.6
2019-09-08,1301,1100,0.0,219.9084930419922,13.64675679360212,49.39131546020508,82.7603530883789,99,27,0.07567419419982219,0.020506425992264394,64.5,115.6
2019-09-09,1301,1100,0.0,107.55560302734375,10.19295557331205,33.06160354614258,54.260196685791016,38,0,0.02922949035267938,0.0,64.5,115.6
2019-09-10,1301,1100,0.0,256.11907958984375,8.40283434302027,23.970932006835938,39.14471435546875,24,3,0.0180625552767107,0.0022475926683315794,64.5,115.6
2019-09-11,1301,1100,0.0,150.45960998535156,6.76344819596577,18.477624893188477,33.16802978515625,18,1,0.01355404313867891,0.0007500507725969784,64.5,115.6
2019-09-12,1301,1100,0.0,109.43338775634766,11.4739262946265,32.925384521484375,44.03746032714844,20,0,0.015240117459430665,0.0,64.5,115.6
2019-09-13,1301,1100,0.0,110.53950500488281,8.283422291828613,25.98401641845703,38.82026290893555,8,0,0.006044043411224425,0.0,64.5,115.6
2019-09-14,1301,1100,0.0,152.0,6.694991654588295,22.898221969604492,31.798450469970703,9,1,0.006888887171432727,0.0007899828441509342,64.5,115.6
2019-09-15,1301,1100,0.0,216.40438842773438,7.7029468043378735,20.17206382751465,31.059476852416992,19,5,0.014560275361421566,0.003785936838306554,64.5,115.6
2019-09-16,1301,1100,0.0,136.85055541992188,6.7407278500033465,20.979503631591797,30.297266006469727,15,3,0.011684358331958791,0.002330193405080619,64.5,115.6
2019-09-17,1301,1100,0.0,123.03447723388672,7.2484050716726625,18.288818359375,31.989259719848633,15,2,0.011621057964083715,0.0015528613040282709,64.5,115.6
2019-09-18,1301,1100,0.0,202.33090209960938,12.478087299396725,32.34061813354492,46.7231330871582,24,2,0.018432832528541478,0.0015392082935955567,64.5,115.6
2019-09-19,1301,1100,0.0,159.48736572265625,13.313866378274172,32.6840705871582,42.5415153503418,17,5,0.01327750766944434,0.003916710947145941,64.5,115.6
2019-09-20,1301,1100,0.0,103.95855712890625,12.544665972708648,33.401344299316406,41.83173370361328,16,0,0.012381077551158247,0.0,64.5,115.6
2019-09-21,1301,1100,0.0,79.94253540039062,6.1574680576706555,19.191198348999023,28.422592163085938,6,0,0.004528898396405702,0.0,64.5,115.6
2019-09-22,1301,1100,0.0,94.29369354248047,5.111501936433546,16.537723541259766,25.327478408813477,3,0,0.0023382765701693894,0.0,64.5,115.6
2019-09-23,1301,1100,0.0,92.3174819946289,5.790116675547414,17.26788902282715,28.32297134399414,7,0,0.005440773940442128,0.0,64.5,115.6
2019-09-24,1301,1100,0.0,134.7505645751953,13.399991381463868,38.128761291503906,48.93593978881836,27,1,0.021031312618441923,0.0007879051639442525,64.5,115.6
2019-09-25,1301,1100,0.0,112.65422058105469,13.879671238964104,38.64817428588867,59.350914001464844,46,0,0.03528627516942507,0.0,64.5,115.6
2019-09-26,1301,1100,0.0,124.42750549316406,14.562608832709612,31.396381378173828,39.793643951416016,13,1,0.009985923424053824,0.0007864450189375938,64.5,115.6
2019-09-27,1301,1100,0.0,101.00524139404297,9.162771181039496,25.122486114501953,32.81515884399414,7,0,0.005310682636783275,0.0,64.5,115.6
2019-09-28,1301,1100,0.0,146.56764221191406,5.9813309109309465,18.2088623046875,30.703800201416016,8,3,0.0060768981380084006,0.0023061541922701715,64.5,115.6
2019-09-29,1301,1100,0.0,96.33102416992188,3.548112187714965,9.861316680908203,23.545400619506836,5,0,0.003745063286740077,0.0,64.5,115.6
2019-09-30,1301,1100,0.0,304.18707275390625,6.9420523826407985,18.296955108642578,34.769920349121094,29,9,0.02183745379101724,0.006720750252907576,64.5,115.6
2019-10-01,1301,1100,0.0,65.97267150878906,3.5186081987724775,11.247729301452637,18.85147476196289,1,0,0.00078414254211171,0.0,64.5,115.6
2019-10-02,1301,1100,0.0,105.13666534423828,3.8728761233269116,12.020206451416016,19.3272705078125,3,0,0.0022678254310927693,0.0,64.5,115.6
2019-10-03,1301,1100,0.0,65.64830017089844,1.7255246104253061,4.5475358963012695,9.575812339782715,1,0,0.0007856924802438741,0.0,64.5,115.6
