initialization,status,reason
2019090100,PARTIAL,day1_24h/c00: ValueError: materially negative reconstructed precipitation for 9--12; day2_24h/c00: ValueError: materially negative reconstructed precipitation for 33--36; day3_24h/c00: ValueError: materially negative reconstructed precipitation for 51--54; day2_24h/p01: ValueError: materially negative reconstructed precipitation for 33--36; day1_24h/p03: ValueError: materially negative reconstructed precipitation for 9--12; day2_24h/p03: ValueError: materially negative reconstructed precipitation for 27--30; day1_24h/p04: ValueError: materially negative reconstructed precipitation for 9--12; day3_24h/p04: ValueError: materially negative reconstructed precipitation for 69--72
2019090200,PARTIAL,day1_24h/c00: ValueError: materially negative reconstructed precipitation for 9--12; day2_24h/p02: ValueError: materially negative reconstructed precipitation for 45--48; day3_24h/p02: ValueError: materially negative reconstructed precipitation for 63--66; day2_24h/p03: ValueError: materially negative reconstructed precipitation for 27--30
2019090300,PARTIAL,day1_24h/c00: ValueError: materially negative reconstructed precipitation for 9--12; day3_24h/c00: ValueError: materially negative reconstructed precipitation for 57--60; day2_24h/p01: ValueError: materially negative reconstructed precipitation for 27--30; day2_24h/p02: ValueError: materially negative reconstructed precipitation for 45--48; day3_24h/p02: ValueError: materially negative reconstructed precipitation for 57--60; day1_24h/p03: ValueError: materially negative reconstructed precipitation for 9--12; day3_24h/p03: ValueError: materially negative reconstructed precipitation for 51--54
2019090400,PARTIAL,day1_24h/c00: ValueError: materially negative reconstructed precipitation for 21--24; day2_24h/c00: ValueError: materially negative reconstructed precipitation for 39--42; day3_24h/c00: ValueError: materially negative reconstructed precipitation for 63--66; day1_24h/p01: ValueError: materially negative reconstructed precipitation for 15--18; day2_24h/p02: ValueError: materially negative reconstructed precipitation for 39--42; day3_24h/p02: ValueError: materially negative reconstructed precipitation for 57--60; day3_24h/p03: ValueError: materially negative reconstructed precipitation for 63--66; day1_24h/p04: ValueError: materially negative reconstructed precipitation for 15--18; day2_24h/p04: ValueError: materially negative reconstructed precipitation for 27--30
2019090500,PARTIAL,day1_24h/c00: ValueError: materially negative reconstructed precipitation for 9--12; day2_24h/c00: ValueError: materially negative reconstructed precipitation for 33--36; day3_24h/c00: ValueError: materially negative reconstructed precipitation for 57--60; day2_24h/p01: ValueError: materially negative reconstructed precipitation for 33--36; day2_24h/p02: ValueError: materially negative reconstructed precipitation for 27--30; day1_24h/p03: ValueError: materially negative reconstructed precipitation for 15--18; day2_24h/p04: ValueError: materially negative reconstructed precipitation for 27--30; day3_24h/p04: ValueError: materially negative reconstructed precipitation for 63--66
2019090600,PARTIAL,day1_24h/c00: ValueError: materially negative reconstructed precipitation for 15--18; day2_24h/c00: ValueError: materially negative reconstructed precipitation for 39--42; day3_24h/c00: ValueError: materially negative reconstructed precipitation for 63--66; day3_24h/p01: ValueError: materially negative reconstructed precipitation for 57--60; day2_24h/p02: ValueError: materially negative reconstructed precipitation for 45--48; day3_24h/p02: ValueError: materially negative reconstructed precipitation for 57--60; day1_24h/p03: ValueError: materially negative reconstructed precipitation for 15--18; day1_24h/p04: ValueError: materially negative reconstructed precipitation for 15--18; day2_24h/p04: ValueError: materially negative reconstructed precipitation for 39--42
2019090700,PARTIAL,day1_24h/c00: ValueError: materially negative reconstructed precipitation for 15--18; day2_24h/c00: ValueError: materially negative reconstructed precipitation for 33--36; day3_24h/c00: ValueError: materially negative reconstructed precipitation for 51--54; day1_24h/p01: ValueError: materially negative reconstructed precipitation for 9--12; day2_24h/p01: ValueError: materially negative reconstructed precipitation for 27--30; day3_24h/p01: ValueError: materially negative reconstructed precipitation for 57--60; day1_24h/p02: ValueError: materially negative reconstructed precipitation for 9--12; day2_24h/p02: ValueError: materially negative reconstructed precipitation for 33--36; day3_24h/p02: ValueError: materially negative reconstructed precipitation for 57--60; day3_24h/p03: ValueError: materially negative reconstructed precipitation for 63--66; day2_24h/p04: ValueError: materially negative reconstructed precipitation for 39--42
2019090800,PARTIAL,day2_24h/c00: ValueError: materially negative reconstructed precipitation for 33--36; day3_24h/c00: ValueError: materially negative reconstructed precipitation for 51--54; day1_24h/p02: ValueError: materially negative reconstructed precipitation for 9--12; day2_24h/p02: ValueError: materially negative reconstructed precipitation for 33--36; day2_24h/p03: ValueError: materially negative reconstructed precipitation for 33--36; day3_24h/p03: ValueError: materially negative reconstructed precipitation for 51--54
2019090900,PARTIAL,day1_24h/c00: ValueError: materially negative reconstructed precipitation for 9--12; day2_24h/c00: ValueError: materially negative reconstructed precipitation for 33--36; day3_24h/c00: ValueError: materially negative reconstructed precipitation for 57--60; day1_24h/p01: ValueError: materially negative reconstructed precipitation for 3--6; day2_24h/p01: ValueError: materially negative reconstructed precipitation for 45--48; day1_24h/p02: ValueError: materially negative reconstructed precipitation for 9--12; day3_24h/p02: ValueError: materially negative reconstructed precipitation for 63--66; day1_24h/p03: ValueError: materially negative reconstructed precipitation for 3--6; day2_24h/p03: ValueError: materially negative reconstructed precipitation for 39--42; day1_24h/p04: ValueError: materially negative reconstructed precipitation for 3--6; day2_24h/p04: ValueError: materially negative reconstructed precipitation for 27--30; day3_24h/p04: ValueError: materially negative reconstructed precipitation for 57--60
2019091000,PARTIAL,day1_24h/c00: ValueError: materially negative reconstructed precipitation for 15--18; day2_24h/c00: ValueError: materially negative reconstructed precipitation for 27--30; day3_24h/c00: ValueError: materially negative reconstructed precipitation for 57--60; day1_24h/p01: ValueError: materially negative reconstructed precipitation for 15--18; day3_24h/p01: ValueError: materially negative reconstructed precipitation for 69--72; day2_24h/p02: ValueError: materially negative reconstructed precipitation for 45--48; day1_24h/p03: ValueError: materially negative reconstructed precipitation for 3--6; day2_24h/p03: ValueError: materially negative reconstructed precipitation for 27--30; day1_24h/p04: ValueError: materially negative reconstructed precipitation for 3--6; day2_24h/p04: ValueError: materially negative reconstructed precipitation for 33--36; day3_24h/p04: ValueError: materially negative reconstructed precipitation for 51--54
2019091100,PARTIAL,day1_24h/c00: ValueError: materially negative reconstructed precipitation for 9--12; day2_24h/c00: ValueError: materially negative reconstructed precipitation for 33--36; day3_24h/c00: ValueError: materially negative reconstructed precipitation for 57--60; day1_24h/p01: ValueError: materially negative reconstructed precipitation for 3--6; day3_24h/p01: ValueError: materially negative reconstructed precipitation for 57--60; day1_24h/p02: ValueError: materially negative reconstructed precipitation for 3--6; day2_24h/p02: ValueError: materially negative reconstructed precipitation for 27--30; day3_24h/p02: ValueError: materially negative reconstructed precipitation for 51--54; day1_24h/p03: ValueError: materially negative reconstructed precipitation for 3--6; day2_24h/p03: ValueError: materially negative reconstructed precipitation for 39--42; day3_24h/p03: ValueError: materially negative reconstructed precipitation for 51--54; day1_24h/p04: ValueError: materially negative reconstructed precipitation for 3--6
2019091200,PARTIAL,day1_24h/c00: ValueError: materially negative reconstructed precipitation for 9--12; day2_24h/c00: ValueError: materially negative reconstructed precipitation for 27--30; day3_24h/c00: ValueError: materially negative reconstructed precipitation for 51--54; day1_24h/p02: ValueError: materially negative reconstructed precipitation for 9--12; day1_24h/p03: ValueError: materially negative reconstructed precipitation for 15--18; day2_24h/p03: ValueError: materially negative reconstructed precipitation for 27--30; day3_24h/p03: ValueError: materially negative reconstructed precipitation for 57--60; day3_24h/p04: ValueError: materially negative reconstructed precipitation for 69--72
2019091300,PARTIAL,day3_24h/c00: ValueError: materially negative reconstructed precipitation for 63--66; day2_24h/p01: ValueError: materially negative reconstructed precipitation for 33--36; day1_24h/p03: ValueError: materially negative reconstructed precipitation for 9--12
2019091400,PARTIAL,day1_24h/c00: ValueError: materially negative reconstructed precipitation for 21--24; day2_24h/c00: ValueError: materially negative reconstructed precipitation for 33--36; day2_24h/p02: ValueError: materially negative reconstructed precipitation for 33--36
2019091500,PARTIAL,day3_24h/c00: ValueError: materially negative reconstructed precipitation for 51--54; day1_24h/p03: ValueError: materially negative reconstructed precipitation for 21--24; day3_24h/p03: ValueError: materially negative reconstructed precipitation for 51--54; day3_24h/p04: ValueError: materially negative reconstructed precipitation for 57--60
2019091600,PARTIAL,day1_24h/c00: ValueError: materially negative reconstructed precipitation for 15--18; day3_24h/c00: ValueError: materially negative reconstructed precipitation for 69--72; day1_24h/p02: ValueError: materially negative reconstructed precipitation for 21--24; day3_24h/p02: ValueError: materially negative reconstructed precipitation for 57--60; day2_24h/p03: ValueError: materially negative reconstructed precipitation for 39--42; day1_24h/p04: ValueError: materially negative reconstructed precipitation for 15--18; day2_24h/p04: ValueError: materially negative reconstructed precipitation for 33--36; day3_24h/p04: ValueError: materially negative reconstructed precipitation for 69--72
2019091700,PARTIAL,day1_24h/c00: ValueError: materially negative reconstructed precipitation for 9--12; day1_24h/p02: ValueError: materially negative reconstructed precipitation for 21--24; day2_24h/p02: ValueError: materially negative reconstructed precipitation for 33--36; day3_24h/p02: ValueError: materially negative reconstructed precipitation for 51--54
2019091800,PARTIAL,day1_24h/c00: ValueError: materially negative reconstructed precipitation for 21--24; day2_24h/c00: ValueError: materially negative reconstructed precipitation for 39--42; day3_24h/c00: ValueError: materially negative reconstructed precipitation for 51--54; day1_24h/p02: ValueError: materially negative reconstructed precipitation for 3--6; day3_24h/p02: ValueError: materially negative reconstructed precipitation for 63--66; day1_24h/p03: ValueError: materially negative reconstructed precipitation for 3--6; day2_24h/p03: ValueError: materially negative reconstructed precipitation for 33--36; day3_24h/p03: ValueError: materially negative reconstructed precipitation for 51--54; day1_24h/p04: ValueError: materially negative reconstructed precipitation for 3--6
2019091900,PARTIAL,day2_24h/c00: ValueError: materially negative reconstructed precipitation for 27--30; day3_24h/c00: ValueError: materially negative reconstructed precipitation for 51--54; day1_24h/p01: ValueError: materially negative reconstructed precipitation for 21--24; day2_24h/p01: ValueError: materially negative reconstructed precipitation for 27--30; day3_24h/p01: ValueError: materially negative reconstructed precipitation for 57--60; day2_24h/p02: ValueError: materially negative reconstructed precipitation for 45--48; day3_24h/p02: ValueError: materially negative reconstructed precipitation for 63--66; day3_24h/p03: ValueError: materially negative reconstructed precipitation for 57--60; day2_24h/p04: ValueError: materially negative reconstructed precipitation for 33--36; day3_24h/p04: ValueError: materially negative reconstructed precipitation for 51--54
2019092000,PARTIAL,day1_24h/c00: ValueError: materially negative reconstructed precipitation for 9--12; day2_24h/c00: ValueError: materially negative reconstructed precipitation for 27--30; day3_24h/c00: ValueError: materially negative reconstructed precipitation for 51--54; day2_24h/p01: ValueError: materially negative reconstructed precipitation for 39--42; day1_24h/p02: ValueError: materially negative reconstructed precipitation for 9--12; day2_24h/p02: ValueError: materially negative reconstructed precipitation for 27--30; day1_24h/p03: ValueError: materially negative reconstructed precipitation for 9--12; day3_24h/p03: ValueError: materially negative reconstructed precipitation for 51--54; day1_24h/p04: ValueError: materially negative reconstructed precipitation for 21--24; day2_24h/p04: ValueError: materially negative reconstructed precipitation for 33--36
2019092100,PARTIAL,day1_24h/c00: ValueError: materially negative reconstructed precipitation for 21--24; day2_24h/c00: ValueError: materially negative reconstructed precipitation for 33--36; day3_24h/c00: ValueError: materially negative reconstructed precipitation for 51--54; day2_24h/p01: ValueError: materially negative reconstructed precipitation for 45--48; day1_24h/p02: ValueError: materially negative reconstructed precipitation for 21--24; day2_24h/p02: ValueError: materially negative reconstructed precipitation for 27--30; day2_24h/p03: ValueError: materially negative reconstructed precipitation for 33--36; day3_24h/p03: ValueError: materially negative reconstructed precipitation for 57--60; day2_24h/p04: ValueError: materially negative reconstructed precipitation for 45--48
2019092200,PARTIAL,day1_24h/c00: ValueError: materially negative reconstructed precipitation for 15--18; day2_24h/c00: ValueError: materially negative reconstructed precipitation for 27--30; day3_24h/c00: ValueError: materially negative reconstructed precipitation for 51--54; day3_24h/p01: ValueError: materially negative reconstructed precipitation for 57--60; day1_24h/p02: ValueError: materially negative reconstructed precipitation for 9--12; day3_24h/p02: ValueError: materially negative reconstructed precipitation for 51--54; day1_24h/p03: ValueError: materially negative reconstructed precipitation for 21--24; day3_24h/p03: ValueError: materially negative reconstructed precipitation for 57--60; day1_24h/p04: ValueError: materially negative reconstructed precipitation for 9--12; day2_24h/p04: ValueError: materially negative reconstructed precipitation for 45--48; day3_24h/p04: ValueError: materially negative reconstructed precipitation for 51--54
2019092300,PARTIAL,day3_24h/c00: ValueError: materially negative reconstructed precipitation for 57--60; day2_24h/p01: ValueError: materially negative reconstructed precipitation for 33--36; day2_24h/p02: ValueError: materially negative reconstructed precipitation for 39--42; day1_24h/p03: ValueError: materially negative reconstructed precipitation for 9--12; day2_24h/p03: ValueError: materially negative reconstructed precipitation for 27--30; day3_24h/p03: ValueError: materially negative reconstructed precipitation for 51--54; day1_24h/p04: ValueError: materially negative reconstructed precipitation for 15--18; day2_24h/p04: ValueError: materially negative reconstructed precipitation for 33--36
2019092400,PARTIAL,day1_24h/c00: ValueError: materially negative reconstructed precipitation for 9--12; day2_24h/c00: ValueError: materially negative reconstructed precipitation for 27--30; day3_24h/c00: ValueError: materially negative reconstructed precipitation for 51--54; day1_24h/p01: ValueError: materially negative reconstructed precipitation for 15--18; day3_24h/p01: ValueError: materially negative reconstructed precipitation for 51--54; day2_24h/p02: ValueError: materially negative reconstructed precipitation for 33--36; day3_24h/p02: ValueError: materially negative reconstructed precipitation for 57--60; day2_24h/p03: ValueError: materially negative reconstructed precipitation for 27--30; day3_24h/p03: ValueError: materially negative reconstructed precipitation for 51--54; day1_24h/p04: ValueError: materially negative reconstructed precipitation for 9--12
2019092500,PARTIAL,day1_24h/c00: ValueError: materially negative reconstructed precipitation for 9--12; day2_24h/c00: ValueError: materially negative reconstructed precipitation for 27--30; day3_24h/c00: ValueError: materially negative reconstructed precipitation for 57--60; day3_24h/p01: ValueError: materially negative reconstructed precipitation for 57--60; day2_24h/p02: ValueError: materially negative reconstructed precipitation for 33--36; day3_24h/p02: ValueError: materially negative reconstructed precipitation for 51--54; day1_24h/p03: ValueError: materially negative reconstructed precipitation for 9--12; day2_24h/p03: ValueError: materially negative reconstructed precipitation for 27--30; day3_24h/p03: ValueError: materially negative reconstructed precipitation for 57--60; day2_24h/p04: ValueError: materially negative reconstructed precipitation for 45--48; day3_24h/p04: ValueError: materially negative reconstructed precipitation for 57--60
2019092600,PARTIAL,day1_24h/c00: ValueError: materially negative reconstructed precipitation for 15--18; day2_24h/c00: ValueError: materially negative reconstructed precipitation for 27--30; day3_24h/c00: ValueError: materially negative reconstructed precipitation for 51--54; day1_24h/p01: ValueError: materially negative reconstructed precipitation for 21--24; day2_24h/p01: ValueError: materially negative reconstructed precipitation for 45--48; day3_24h/p01: ValueError: materially negative reconstructed precipitation for 69--72; day2_24h/p02: ValueError: materially negative reconstructed precipitation for 27--30; day3_24h/p02: ValueError: materially negative reconstructed precipitation for 51--54; day2_24h/p03: ValueError: materially negative reconstructed precipitation for 39--42; day3_24h/p03: ValueError: materially negative reconstructed precipitation for 57--60; day2_24h/p04: ValueError: materially negative reconstructed precipitation for 39--42
2019092700,PARTIAL,day1_24h/c00: ValueError: materially negative reconstructed precipitation for 15--18; day2_24h/c00: ValueError: materially negative reconstructed precipitation for 33--36; day3_24h/c00: ValueError: materially negative reconstructed precipitation for 57--60; day1_24h/p01: ValueError: materially negative reconstructed precipitation for 9--12; day2_24h/p01: ValueError: materially negative reconstructed precipitation for 27--30; day3_24h/p01: ValueError: materially negative reconstructed precipitation for 51--54; day1_24h/p02: ValueError: materially negative reconstructed precipitation for 9--12; day2_24h/p02: ValueError: materially negative reconstructed precipitation for 27--30; day3_24h/p02: ValueError: materially negative reconstructed precipitation for 63--66; day2_24h/p03: ValueError: materially negative reconstructed precipitation for 27--30; day1_24h/p04: ValueError: materially negative reconstructed precipitation for 15--18
2019092800,PARTIAL,day1_24h/c00: ValueError: materially negative reconstructed precipitation for 15--18; day2_24h/c00: ValueError: materially negative reconstructed precipitation for 27--30; day3_24h/c00: ValueError: materially negative reconstructed precipitation for 63--66; day1_24h/p01: ValueError: materially negative reconstructed precipitation for 15--18; day3_24h/p01: ValueError: materially negative reconstructed precipitation for 51--54; day1_24h/p02: ValueError: materially negative reconstructed precipitation for 21--24; day1_24h/p03: ValueError: materially negative reconstructed precipitation for 21--24; day3_24h/p03: ValueError: materially negative reconstructed precipitation for 51--54; day1_24h/p04: ValueError: materially negative reconstructed precipitation for 9--12; day2_24h/p04: ValueError: materially negative reconstructed precipitation for 27--30; day3_24h/p04: ValueError: materially negative reconstructed precipitation for 63--66
2019092900,PARTIAL,day1_24h/c00: ValueError: materially negative reconstructed precipitation for 9--12; day2_24h/c00: ValueError: materially negative reconstructed precipitation for 27--30; day3_24h/c00: ValueError: materially negative reconstructed precipitation for 51--54; day2_24h/p01: ValueError: materially negative reconstructed precipitation for 33--36; day3_24h/p01: ValueError: materially negative reconstructed precipitation for 51--54; day2_24h/p02: ValueError: materially negative reconstructed precipitation for 33--36; day3_24h/p02: ValueError: materially negative reconstructed precipitation for 69--72; day1_24h/p04: ValueError: materially negative reconstructed precipitation for 9--12
2019093000,PARTIAL,day2_24h/c00: ValueError: materially negative reconstructed precipitation for 27--30; day3_24h/c00: ValueError: materially negative reconstructed precipitation for 51--54; day1_24h/p01: ValueError: materially negative reconstructed precipitation for 3--6; day3_24h/p01: ValueError: materially negative reconstructed precipitation for 51--54; day2_24h/p02: ValueError: materially negative reconstructed precipitation for 27--30; day3_24h/p02: ValueError: materially negative reconstructed precipitation for 63--66; day1_24h/p03: ValueError: materially negative reconstructed precipitation for 3--6; day2_24h/p03: ValueError: materially negative reconstructed precipitation for 45--48; day3_24h/p03: ValueError: materially negative reconstructed precipitation for 69--72; day1_24h/p04: ValueError: materially negative reconstructed precipitation for 3--6; day2_24h/p04: ValueError: materially negative reconstructed precipitation for 27--30; day3_24h/p04: ValueError: materially negative reconstructed precipitation for 63--66
