valid_date,valid_cell_count,masked_cell_count,min_mm,max_mm,mean_mm,p90_mm,p95_mm,heavy_cell_count,very_heavy_cell_count,heavy_valid_area_fraction,very_heavy_valid_area_fraction,heavy_threshold_mm,very_heavy_threshold_mm,year,month
2018-06-02,1301,1100,0.0,64.4032974243164,5.236908156473438,16.356281280517578,25.208267211914062,0,0,0.0,0.0,64.5,115.6,2018,6
2018-06-03,1301,1100,0.0,77.56269073486328,5.334509390114959,17.05743980407715,27.029037475585938,2,0,0.0015697802708806875,0.0,64.5,115.6,2018,6
2018-06-04,1301,1100,0.0,103.55606842041016,6.226640455911564,21.265703201293945,30.125818252563477,5,0,0.003906122266627148,0.0,64.5,115.6,2018,6
2018-06-05,1301,1100,0.0,113.96971130371094,4.613540939666004,15.311419486999512,23.801292419433594,3,0,0.0023002340582238758,0.0,64.5,115.6,2018,6
2018-06-06,1301,1100,0.0,83.71412658691406,3.7004580989159317,12.674151420593262,18.57689666748047,1,0,0.000779134929635625,0.0,64.5,115.6,2018,6
2018-06-07,1301,1100,0.0,97.00171661376953,7.947757265969344,23.272340774536133,33.91375732421875,6,0,0.004615639058671132,0.0,64.5,115.6,2018,6
2018-06-08,1301,1100,0.0,170.39830017089844,11.993872250734523,36.548404693603516,62.082889556884766,62,24,0.048119186291748474,0.018714627189347827,64.5,115.6,2018,6
2018-06-09,1301,1100,0.0,240.10682678222656,11.800003407364118,39.333168029785156,60.90697479248047,63,11,0.048779889784890125,0.008518905382678013,64.5,115.6,2018,6
2018-06-10,1301,1100,0.0,261.1669616699219,14.22349332124682,41.89183807373047,79.10789489746094,83,24,0.06463645839978052,0.018539553155136355,64.5,115.6,2018,6
2018-06-11,1301,1100,0.0,189.6691131591797,12.83970677683117,37.82600021362305,62.73386764526367,61,11,0.04738680032039507,0.008535632910879292,64.5,115.6,2018,6
2018-06-12,1301,1100,0.0,143.04747009277344,7.531695743903896,24.291751861572266,46.304161071777344,37,7,0.02886207039147555,0.005458915943123137,64.5,115.6,2018,6
2018-06-13,1301,1100,0.0,164.59072875976562,4.468416402727755,10.34815788269043,21.89203643798828,25,8,0.01961308324988653,0.00628556427444336,64.5,115.6,2018,6
2018-06-14,1301,1100,0.0,202.73098754882812,4.876290838240569,2.5770325660705566,30.694400787353516,41,17,0.03229717788645461,0.013373305080154272,64.5,115.6,2018,6
2018-06-15,1301,1100,0.0,125.97185516357422,2.2997103182571745,3.657243490219116,14.48616886138916,7,1,0.005488570350170687,0.00078000671089806,64.5,115.6,2018,6
2018-06-16,1301,1100,0.0,48.925899505615234,1.9351183295960064,6.10569953918457,11.277235984802246,0,0,0.0,0.0,64.5,115.6,2018,6
2018-06-17,1301,1100,0.0,63.75965118408203,3.1191007121194794,11.359554290771484,20.91131019592285,0,0,0.0,0.0,64.5,115.6,2018,6
2018-06-18,1301,1100,0.0,177.23170471191406,4.320726088870268,9.541747093200684,23.58733558654785,20,6,0.01532643972817122,0.004582378966975575,64.5,115.6,2018,6
2018-06-19,1301,1100,0.0,99.6673812866211,4.234425819929199,12.35328197479248,25.3294620513916,13,0,0.01011408117207247,0.0,64.5,115.6,2018,6
2018-06-20,1301,1100,0.0,241.99790954589844,5.721629028597261,15.142154693603516,38.81128692626953,29,5,0.022650074479210254,0.003876535948134194,64.5,115.6,2018,6
2018-06-21,1301,1100,0.0,332.8304748535156,7.375577826531093,16.73872947692871,38.8044319152832,34,13,0.026433425887734417,0.010052178172562593,64.5,115.6,2018,6
2018-06-22,1301,1100,0.0,165.5810546875,7.441993188430812,21.61815071105957,31.749040603637695,11,3,0.008429321074414835,0.0022960396439119994,64.5,115.6,2018,6
2018-06-23,1301,1100,0.0,213.12283325195312,10.214824925395133,31.199670791625977,44.12043380737305,31,8,0.023724583067480726,0.006131694364538189,64.5,115.6,2018,6
2018-06-24,1301,1100,0.0,230.53038024902344,7.867712511438347,21.590776443481445,34.31418228149414,24,6,0.018345948098138908,0.004605056310525293,64.5,115.6,2018,6
2018-06-25,1301,1100,0.0,215.57208251953125,7.520711097101768,16.799880981445312,46.074241638183594,43,19,0.03277723947141399,0.014440911808724796,64.5,115.6,2018,6
2018-06-26,1301,1100,0.0,226.24964904785156,12.14421884794587,36.97611618041992,74.8456802368164,80,32,0.06113791106258018,0.02425750479974252,64.5,115.6,2018,6
2018-06-27,1301,1100,0.0,122.555419921875,7.16554750639553,21.489259719848633,34.35838317871094,16,1,0.012447479928336133,0.000785692480243914,64.5,115.6,2018,6
2018-06-28,1301,1100,0.0,244.38385009765625,12.569469170677808,37.35118103027344,55.240318298339844,46,16,0.035941215401634356,0.01253584673984053,64.5,115.6,2018,6
2018-06-29,1301,1100,0.0,121.3991470336914,8.48977336322432,27.882238388061523,43.383689880371094,23,1,0.01772371295340062,0.000763181206620877,64.5,115.6,2018,6
2018-06-30,1301,1100,0.0,75.68114471435547,4.829249760629946,14.278055191040039,22.310829162597656,2,0,0.0015428889930689225,0.0,64.5,115.6,2018,6
2018-07-01,1301,1100,0.0,70.80741882324219,2.9624370650419083,8.797082901000977,15.387789726257324,4,0,0.0031180272802087483,0.0,64.5,115.6,2018,7
2018-07-02,1301,1100,0.0,105.43021392822266,3.929784653600961,13.466236114501953,20.17092514038086,5,0,0.003874373603538467,0.0,64.5,115.6,2018,7
2018-07-03,1301,1100,0.0,102.32811737060547,8.422307397869575,29.548389434814453,43.116207122802734,16,0,0.012292155790893421,0.0,64.5,115.6,2018,7
2018-07-04,1301,1100,0.0,175.5832061767578,7.280599175016757,21.6649112701416,43.382972717285156,33,7,0.024943819754650313,0.005287115984245966,64.5,115.6,2018,7
2018-07-05,1301,1100,0.0,154.22129821777344,9.108914446586788,24.212846755981445,58.226829528808594,56,14,0.042619881629822484,0.010657598066574903,64.5,115.6,2018,7
2018-07-06,1301,1100,0.0,173.7350311279297,12.20348520544311,37.60173416137695,60.9320182800293,61,14,0.04682083179197177,0.010797678141683953,64.5,115.6,2018,7
2018-07-07,1301,1100,0.0,235.5426025390625,17.736342156522095,53.70527267456055,93.1855697631836,104,45,0.07969705523404508,0.034535876807514805,64.5,115.6,2018,7
2018-07-08,1301,1100,0.0,253.5310516357422,15.6980072879143,41.80387878417969,72.0389633178711,75,29,0.05786000887184336,0.022275750115987068,64.5,115.6,2018,7
2018-07-09,1301,1100,0.0,290.2990417480469,14.421118480078217,41.35757064819336,58.771209716796875,59,15,0.04538386652179145,0.011434160112953189,64.5,115.6,2018,7
2018-07-10,1301,1100,0.0,236.2171173095703,14.18831545082447,41.798614501953125,66.09385681152344,70,17,0.05388429013366268,0.012978228819705841,64.5,115.6,2018,7
2018-07-11,1301,1100,0.0,158.3197479248047,15.287224881167736,50.703125,75.8732681274414,100,17,0.07712985452045303,0.013028019880005185,64.5,115.6,2018,7
2018-07-12,1301,1100,0.0,197.48153686523438,17.97513648835537,51.32192611694336,70.1635513305664,83,10,0.06362229759479976,0.007572841425888727,64.5,115.6,2018,7
2018-07-13,1301,1100,0.0,166.849609375,15.56120353604994,46.71300506591797,72.7704086303711,88,24,0.06714794175031483,0.018135246119657285,64.5,115.6,2018,7
2018-07-14,1301,1100,0.0,182.91297912597656,12.821006082977632,41.979766845703125,64.29263305664062,65,9,0.050014482009599175,0.0068542739297811715,64.5,115.6,2018,7
2018-07-15,1301,1100,0.0,246.6194610595703,14.640289481022007,39.125648498535156,60.488590240478516,56,18,0.04265754133806886,0.013549138061869762,64.5,115.6,2018,7
2018-07-16,1301,1100,0.0,232.452880859375,17.625057271330242,55.184261322021484,89.87262725830078,107,38,0.08178843829431454,0.028987920318669404,64.5,115.6,2018,7
2018-07-17,1301,1100,0.0,403.1428527832031,19.398992767444398,56.506134033203125,79.62364959716797,101,25,0.0767860177604583,0.01891095649742949,64.5,115.6,2018,7
2018-07-18,1301,1100,0.0,245.0,12.83673307608289,39.14931869506836,67.391845703125,69,24,0.05273281681862631,0.018065450222013234,64.5,115.6,2018,7
2018-07-19,1301,1100,0.0,96.30142974853516,6.563465909034495,22.841920852661133,39.723655700683594,30,0,0.023259743753363357,0.0,64.5,115.6,2018,7
2018-07-20,1301,1100,0.0,105.0,7.654547952894382,26.11467933654785,41.843563079833984,28,0,0.021751553446470843,0.0,64.5,115.6,2018,7
2018-07-21,1301,1100,0.0,218.03555297851562,9.587524611814997,30.81160545349121,46.71436309814453,33,4,0.025176443742935657,0.0030421345249526787,64.5,115.6,2018,7
2018-07-22,1301,1100,0.0,111.99520874023438,7.105257439009736,24.380966186523438,39.378108978271484,25,0,0.019001627559628125,0.0,64.5,115.6,2018,7
2018-07-23,1301,1100,0.0,91.91885375976562,6.1682613408916005,19.504791259765625,27.853748321533203,6,0,0.004527252746323333,0.0,64.5,115.6,2018,7
2018-07-24,1301,1100,0.0,73.04835510253906,5.230712192744406,16.97675895690918,26.972990036010742,4,0,0.003145692818853745,0.0,64.5,115.6,2018,7
2018-07-25,1301,1100,0.0,78.1418685913086,4.473434651492423,13.719204902648926,24.043270111083984,2,0,0.0015750753555119766,0.0,64.5,115.6,2018,7
2018-07-26,1301,1100,0.0,48.835819244384766,3.2935291191049028,9.962093353271484,16.690725326538086,0,0,0.0,0.0,64.5,115.6,2018,7
2018-07-27,1301,1100,0.0,36.669921875,1.7681607777950032,5.952208995819092,9.454252243041992,0,0,0.0,0.0,64.5,115.6,2018,7
2018-07-28,1301,1100,0.0,45.814537048339844,1.2779090371924946,4.359951496124268,7.210943222045898,0,0,0.0,0.0,64.5,115.6,2018,7
2018-07-29,1301,1100,0.0,74.87114715576172,1.2608303985430314,2.6613614559173584,6.571588516235352,1,0,0.0007899828441509342,0.0,64.5,115.6,2018,7
2018-07-30,1301,1100,0.0,42.14118576049805,0.6663229281081318,1.2340317964553833,3.253084659576416,0,0,0.0,0.0,64.5,115.6,2018,7
2018-07-31,1301,1100,0.0,109.16130828857422,1.8277268064975005,4.0108418464660645,8.757991790771484,3,0,0.002365720696757079,0.0,64.5,115.6,2018,7
2018-08-01,1301,1100,0.0,72.70372772216797,1.931733328473971,5.060019493103027,9.426406860351562,2,0,0.0015838352526146243,0.0,64.5,115.6,2018,8
2018-08-02,1301,1100,0.0,85.37457275390625,3.024829896262845,8.512763977050781,14.823383331298828,6,0,0.004694325469796432,0.0,64.5,115.6,2018,8
2018-08-03,1301,1100,0.0,57.811073303222656,2.1731644694240253,6.533612251281738,12.074697494506836,0,0,0.0,0.0,64.5,115.6,2018,8
2018-08-04,1301,1100,0.0,78.39398193359375,3.211127693988927,10.001633644104004,19.217126846313477,2,0,0.0015479134162085977,0.0,64.5,115.6,2018,8
2018-08-05,1301,1100,0.0,141.6932830810547,3.576213650943727,10.401156425476074,19.496461868286133,4,1,0.0030327945858741575,0.0007538044713683101,64.5,115.6,2018,8
2018-08-06,1301,1100,0.0,50.07987594604492,1.6368269186630147,4.935705661773682,7.865721702575684,0,0,0.0,0.0,64.5,115.6,2018,8
2018-08-07,1301,1100,0.0,36.85874938964844,2.451498424950744,8.502290725708008,14.976710319519043,0,0,0.0,0.0,64.5,115.6,2018,8
2018-08-08,1301,1100,0.0,124.16558837890625,5.70234318216153,15.2399263381958,33.83771896362305,17,1,0.013388904048301172,0.0007893053069221829,64.5,115.6,2018,8
2018-08-09,1301,1100,0.0,301.1153869628906,6.592612857793634,14.6066255569458,30.526365280151367,29,11,0.022846708515028263,0.00868689219081565,64.5,115.6,2018,8
2018-08-10,1301,1100,0.0,83.6397705078125,3.928529660664871,11.023700714111328,19.974449157714844,4,0,0.0031443873733322195,0.0,64.5,115.6,2018,8
2018-08-11,1301,1100,0.0,126.80475616455078,7.6084182761684005,20.55080223083496,34.657875061035156,19,1,0.014744636025860727,0.0007685701706970091,64.5,115.6,2018,8
2018-08-12,1301,1100,0.0,261.0730895996094,15.4469871670924,46.97318649291992,74.6907958984375,85,26,0.06498983209077915,0.01980053560583606,64.5,115.6,2018,8
2018-08-13,1301,1100,0.0,134.6153106689453,9.396952185668138,25.399999618530273,51.855194091796875,46,4,0.03600619453316245,0.0031229939702879907,64.5,115.6,2018,8
2018-08-14,1301,1100,0.0,255.54034423828125,11.08873488728836,28.426944732666016,62.42851257324219,64,25,0.05016101805218363,0.01957186729514131,64.5,115.6,2018,8
2018-08-15,1301,1100,0.0,204.59083557128906,9.902717962397189,19.640403747558594,62.243282318115234,63,34,0.04959312869857525,0.026803006546322724,64.5,115.6,2018,8
2018-08-16,1301,1100,0.0,285.922607421875,21.472582870892477,57.05038833618164,89.0562973022461,111,41,0.0858859681062626,0.0321364569005042,64.5,115.6,2018,8
2018-08-17,1301,1100,0.0,212.90538024902344,26.517776893730993,85.64379119873047,110.48895263671875,196,51,0.14940364605826797,0.0390021965995901,64.5,115.6,2018,8
2018-08-18,1301,1100,0.0,99.04344940185547,7.352299541435409,24.05638885498047,35.74730682373047,6,0,0.004642217219586381,0.0,64.5,115.6,2018,8
2018-08-19,1301,1100,0.0,117.97319793701172,7.546685389252373,24.90618324279785,39.8598518371582,14,1,0.010867561465873272,0.000767521562127987,64.5,115.6,2018,8
2018-08-20,1301,1100,0.0,110.99279022216797,9.587468567997973,27.836938858032227,42.983642578125,20,0,0.015326804710188753,0.0,64.5,115.6,2018,8
2018-08-21,1301,1100,0.0,217.15725708007812,20.266238200816854,55.459590911865234,79.59188079833984,105,18,0.07947259633290446,0.013602696693782371,64.5,115.6,2018,8
2018-08-22,1301,1100,0.0,202.2604217529297,8.842890359661746,27.872528076171875,43.76087188720703,24,2,0.01812900983082036,0.0015195466100319706,64.5,115.6,2018,8
2018-08-23,1301,1100,0.0,96.4424819946289,4.287621985350683,12.880082130432129,21.84727668762207,2,0,0.0015318388687744534,0.0,64.5,115.6,2018,8
2018-08-24,1301,1100,0.0,47.91761779785156,2.8939093338994226,8.877538681030273,15.513222694396973,0,0,0.0,0.0,64.5,115.6,2018,8
2018-08-25,1301,1100,0.0,55.89820098876953,2.2643784072298807,7.268854141235352,12.18020248413086,0,0,0.0,0.0,64.5,115.6,2018,8
2018-08-26,1301,1100,0.0,56.96514892578125,3.1166768709654353,9.841005325317383,15.985913276672363,0,0,0.0,0.0,64.5,115.6,2018,8
2018-08-27,1301,1100,0.0,87.64204406738281,6.288762270969029,17.438474655151367,23.944660186767578,3,0,0.002295020075395292,0.0,64.5,115.6,2018,8
2018-08-28,1301,1100,0.0,73.81427764892578,5.978596748897289,17.290760040283203,25.79914665222168,4,0,0.00301404449510469,0.0,64.5,115.6,2018,8
2018-08-29,1301,1100,0.0,177.111083984375,5.602117377001904,17.217636108398438,27.558795928955078,7,2,0.005229707220182842,0.001493645424105136,64.5,115.6,2018,8
2018-08-30,1301,1100,0.0,60.53402328491211,2.626435802331757,7.846771240234375,15.416400909423828,0,0,0.0,0.0,64.5,115.6,2018,8
2018-08-31,1301,1100,0.0,78.90666961669922,3.609625928040929,10.202621459960938,16.6213436126709,5,0,0.0039394958185641725,0.0,64.5,115.6,2018,8
2018-09-01,1301,1100,0.0,63.92625045776367,3.4148377598672073,10.145147323608398,16.97357177734375,0,0,0.0,0.0,64.5,115.6,2018,9
2018-09-02,1301,1100,0.0,42.75181579589844,2.1668411201692197,6.783815860748291,10.391748428344727,0,0,0.0,0.0,64.5,115.6,2018,9
2018-09-03,1301,1100,0.0,65.59552001953125,2.7560908302183704,8.023716926574707,13.498703002929688,2,0,0.0015274402684487352,0.0,64.5,115.6,2018,9
2018-09-04,1301,1100,0.0,34.88041305541992,1.4195449964174118,4.193753719329834,8.408391952514648,0,0,0.0,0.0,64.5,115.6,2018,9
2018-09-05,1301,1100,0.0,34.343955993652344,1.021525703347664,3.461613178253174,6.162980556488037,0,0,0.0,0.0,64.5,115.6,2018,9
2018-09-06,1301,1100,0.0,20.36956214904785,0.4544767794370376,1.421032190322876,3.0322091579437256,0,0,0.0,0.0,64.5,115.6,2018,9
2018-09-07,1301,1100,0.0,43.375343322753906,1.7418138771321479,5.3287739753723145,11.544012069702148,0,0,0.0,0.0,64.5,115.6,2018,9
2018-09-08,1301,1100,0.0,48.685203552246094,1.6634842195905326,5.211945056915283,10.16589641571045,0,0,0.0,0.0,64.5,115.6,2018,9
2018-09-09,1301,1100,0.0,14.21135139465332,0.28099862828587313,0.5431785583496094,1.7597342729568481,0,0,0.0,0.0,64.5,115.6,2018,9
2018-09-10,1301,1100,0.0,39.85210418701172,0.45167952691198404,0.2565605938434601,1.6808552742004395,0,0,0.0,0.0,64.5,115.6,2018,9
2018-09-11,1301,1100,0.0,54.315555572509766,1.2731624461658912,2.589040994644165,7.775911331176758,0,0,0.0,0.0,64.5,115.6,2018,9
2018-09-12,1301,1100,0.0,53.79999923706055,2.911784087679278,10.599923133850098,20.07577133178711,0,0,0.0,0.0,64.5,115.6,2018,9
2018-09-13,1301,1100,0.0,57.8687744140625,0.983888227352264,1.5258824825286865,6.093208312988281,0,0,0.0,0.0,64.5,115.6,2018,9
2018-09-14,1301,1100,0.0,72.78903198242188,1.2258432721583135,1.8051973581314087,6.134629726409912,1,0,0.0007864450189375938,0.0,64.5,115.6,2018,9
2018-09-15,1301,1100,0.0,50.7332878112793,1.8217902121912233,5.041596412658691,12.789156913757324,0,0,0.0,0.0,64.5,115.6,2018,9
2018-09-16,1301,1100,0.0,69.3443603515625,2.53593098318389,8.1873197555542,17.637672424316406,2,0,0.0015713700020354878,0.0,64.5,115.6,2018,9
2018-09-17,1301,1100,0.0,93.2203369140625,4.736801071466161,16.07316017150879,25.962682723999023,3,0,0.002335631559170159,0.0,64.5,115.6,2018,9
2018-09-18,1301,1100,0.0,78.8669662475586,4.145761854580098,13.630020141601562,20.93880271911621,1,0,0.0007586083787250574,0.0,64.5,115.6,2018,9
2018-09-19,1301,1100,0.0,41.85543441772461,3.2068546179003388,11.736072540283203,18.498950958251953,0,0,0.0,0.0,64.5,115.6,2018,9
2018-09-20,1301,1100,0.0,82.2630615234375,2.5256290434244777,7.931000709533691,15.371624946594238,1,0,0.0007696041467977784,0.0,64.5,115.6,2018,9
2018-09-21,1301,1100,0.0,78.53661346435547,3.228518644346355,9.127020835876465,19.766714096069336,2,0,0.0015527282666330869,0.0,64.5,115.6,2018,9
2018-09-22,1301,1100,0.0,165.31744384765625,10.17795415364097,35.111019134521484,57.8632926940918,50,6,0.03764667192687663,0.0045149035412945385,64.5,115.6,2018,9
2018-09-23,1301,1100,0.0,99.27897644042969,3.3663024817644223,9.247273445129395,18.744508743286133,10,0,0.007472066619352049,0.0,64.5,115.6,2018,9
2018-09-24,1301,1100,0.0,78.82532501220703,2.853942530554684,8.199999809265137,20.493616104125977,1,0,0.0007925424670230656,0.0,64.5,115.6,2018,9
2018-09-25,1301,1100,0.0,56.50061798095703,1.5561003269116573,4.886674404144287,8.21646785736084,0,0,0.0,0.0,64.5,115.6,2018,9
2018-09-26,1301,1100,0.0,65.56026458740234,3.64901168646719,13.66797161102295,20.430665969848633,1,0,0.0007856924802438741,0.0,64.5,115.6,2018,9
2018-09-27,1301,1100,0.0,75.4338150024414,6.330921198013056,22.872690200805664,33.60976028442383,6,0,0.004652355042185966,0.0,64.5,115.6,2018,9
2018-09-28,1301,1100,0.0,67.24272155761719,3.342789206536434,9.892563819885254,20.597103118896484,1,0,0.0007886127424581469,0.0,64.5,115.6,2018,9
2018-09-29,1301,1100,0.0,102.14519500732422,5.3098833931067375,18.11957550048828,27.329774856567383,5,0,0.003915970234780117,0.0,64.5,115.6,2018,9
2018-09-30,1301,1100,0.0,45.70933151245117,1.7082488254159345,5.404775619506836,10.775270462036133,0,0,0.0,0.0,64.5,115.6,2018,9
2018-10-01,1301,1100,0.0,41.27680206298828,1.5449370639735145,4.465270042419434,10.045272827148438,0,0,0.0,0.0,64.5,115.6,2018,10
2018-10-02,1301,1100,0.0,89.12073516845703,2.0888209878699677,6.510073661804199,11.563374519348145,1,0,0.0007879051639442926,0.0,64.5,115.6,2018,10
2018-10-03,1301,1100,0.0,73.27813720703125,1.8592628193167335,5.297177314758301,11.15666675567627,2,0,0.0015579229947426721,0.0,64.5,115.6,2018,10
