month,product,member,expected,valid,quarantined
2018-06,day1_24h,c00,30,30,0
2018-06,day1_24h,p01,30,30,0
2018-06,day1_24h,p02,30,30,0
2018-06,day1_24h,p03,30,30,0
2018-06,day1_24h,p04,30,30,0
2018-06,day2_24h,c00,30,10,20
2018-06,day2_24h,p01,30,25,5
2018-06,day2_24h,p02,30,24,6
2018-06,day2_24h,p03,30,22,8
2018-06,day2_24h,p04,30,22,8
2018-06,day3_24h,c00,30,13,17
2018-06,day3_24h,p01,30,19,11
2018-06,day3_24h,p02,30,23,7
2018-06,day3_24h,p03,30,18,12
2018-06,day3_24h,p04,30,21,9
2018-07,day1_24h,c00,31,31,0
2018-07,day1_24h,p01,31,31,0
2018-07,day1_24h,p02,31,31,0
2018-07,day1_24h,p03,31,31,0
2018-07,day1_24h,p04,31,31,0
2018-07,day2_24h,c00,31,20,11
2018-07,day2_24h,p01,31,21,10
2018-07,day2_24h,p02,31,26,5
2018-07,day2_24h,p03,31,27,4
2018-07,day2_24h,p04,31,21,10
2018-07,day3_24h,c00,31,20,11
2018-07,day3_24h,p01,31,26,5
2018-07,day3_24h,p02,31,23,8
2018-07,day3_24h,p03,31,25,6
2018-07,day3_24h,p04,31,25,6
2018-08,day1_24h,c00,31,31,0
2018-08,day1_24h,p01,31,31,0
2018-08,day1_24h,p02,31,31,0
2018-08,day1_24h,p03,31,31,0
2018-08,day1_24h,p04,31,31,0
2018-08,day2_24h,c00,31,20,11
2018-08,day2_24h,p01,31,26,5
2018-08,day2_24h,p02,31,23,8
2018-08,day2_24h,p03,31,21,10
2018-08,day2_24h,p04,31,23,8
2018-08,day3_24h,c00,31,18,13
2018-08,day3_24h,p01,31,23,8
2018-08,day3_24h,p02,31,25,6
2018-08,day3_24h,p03,31,23,8
2018-08,day3_24h,p04,31,25,6
2018-09,day1_24h,c00,30,30,0
2018-09,day1_24h,p01,30,30,0
2018-09,day1_24h,p02,30,30,0
2018-09,day1_24h,p03,30,30,0
2018-09,day1_24h,p04,30,30,0
2018-09,day2_24h,c00,30,14,16
2018-09,day2_24h,p01,30,23,7
2018-09,day2_24h,p02,30,23,7
2018-09,day2_24h,p03,30,22,8
2018-09,day2_24h,p04,30,21,9
2018-09,day3_24h,c00,30,14,16
2018-09,day3_24h,p01,30,24,6
2018-09,day3_24h,p02,30,24,6
2018-09,day3_24h,p03,30,23,7
2018-09,day3_24h,p04,30,20,10
