initialization,lead,variable,status,reason,downloaded_bytes
2017070100,24,u850,PASS,,853614
2017070100,48,u850,PASS,,865132
2017070100,72,u850,PASS,,865467
2017070100,24,v850,PASS,,863683
2017070100,48,v850,PASS,,879803
2017070100,72,v850,PASS,,882699
2017070100,24,q700,PASS,,199712
2017070100,48,q700,PASS,,203516
2017070100,72,q700,PASS,,206095
2017070100,24,z500,PASS,,200322
2017070100,48,z500,PASS,,204006
2017070100,72,z500,PASS,,204216
2017070100,24,mslp,PASS,,885577
2017070100,48,mslp,PASS,,898277
2017070100,72,mslp,PASS,,897761
2017070100,24,pwat,PASS,,462630
2017070100,48,pwat,PASS,,467306
2017070100,72,pwat,PASS,,469339
2017070200,24,u850,PASS,,853571
2017070200,48,u850,PASS,,862480
2017070200,72,u850,PASS,,867060
2017070200,24,v850,PASS,,864399
2017070200,48,v850,PASS,,876163
2017070200,72,v850,PASS,,885481
2017070200,24,q700,PASS,,201326
2017070200,48,q700,PASS,,204231
2017070200,72,q700,PASS,,205947
2017070200,24,z500,PASS,,201780
2017070200,48,z500,PASS,,202610
2017070200,72,z500,PASS,,204701
2017070200,24,mslp,PASS,,891648
2017070200,48,mslp,PASS,,895402
2017070200,72,mslp,PASS,,896316
2017070200,24,pwat,PASS,,462878
2017070200,48,pwat,PASS,,470275
2017070200,72,pwat,PASS,,469795
2017070300,24,u850,PASS,,850536
2017070300,48,u850,PASS,,859687
2017070300,72,u850,PASS,,866660
2017070300,24,v850,PASS,,860159
2017070300,48,v850,PASS,,877023
2017070300,72,v850,PASS,,883702
2017070300,24,q700,PASS,,201391
2017070300,48,q700,PASS,,202634
2017070300,72,q700,PASS,,204527
2017070300,24,z500,PASS,,201185
2017070300,48,z500,PASS,,203439
2017070300,72,z500,PASS,,204058
2017070300,24,mslp,PASS,,885525
2017070300,48,mslp,PASS,,888610
2017070300,72,mslp,PASS,,894821
2017070300,24,pwat,PASS,,465485
2017070300,48,pwat,PASS,,465880
2017070300,72,pwat,PASS,,471336
2017070400,24,u850,PASS,,850201
2017070400,48,u850,PASS,,861692
2017070400,72,u850,PASS,,861687
2017070400,24,v850,PASS,,863106
2017070400,48,v850,PASS,,881385
2017070400,72,v850,PASS,,879502
2017070400,24,q700,PASS,,200106
2017070400,48,q700,PASS,,204543
2017070400,72,q700,PASS,,205003
2017070400,24,z500,PASS,,200373
2017070400,48,z500,PASS,,203052
2017070400,72,z500,PASS,,203286
2017070400,24,mslp,PASS,,883946
2017070400,48,mslp,PASS,,893683
2017070400,72,mslp,PASS,,891294
2017070400,24,pwat,PASS,,458459
2017070400,48,pwat,PASS,,467924
2017070400,72,pwat,PASS,,472011
2017070500,24,u850,PASS,,851890
2017070500,48,u850,PASS,,857974
2017070500,72,u850,PASS,,866276
2017070500,24,v850,PASS,,862828
2017070500,48,v850,PASS,,874380
2017070500,72,v850,PASS,,876235
2017070500,24,q700,PASS,,200212
2017070500,48,q700,PASS,,203378
2017070500,72,q700,PASS,,204391
2017070500,24,z500,PASS,,199553
2017070500,48,z500,PASS,,201874
2017070500,72,z500,PASS,,202436
2017070500,24,mslp,PASS,,885711
2017070500,48,mslp,PASS,,888573
2017070500,72,mslp,PASS,,929658
2017070500,24,pwat,PASS,,463217
2017070500,48,pwat,PASS,,468545
2017070500,72,pwat,PASS,,471615
2017070600,24,u850,PASS,,845919
2017070600,48,u850,PASS,,864344
2017070600,72,u850,PASS,,867362
2017070600,24,v850,PASS,,854214
2017070600,48,v850,PASS,,876540
2017070600,72,v850,PASS,,883940
2017070600,24,q700,PASS,,199636
2017070600,48,q700,PASS,,203023
2017070600,72,q700,PASS,,203738
2017070600,24,z500,PASS,,199066
2017070600,48,z500,PASS,,201847
2017070600,72,z500,PASS,,204026
2017070600,24,mslp,PASS,,920906
2017070600,48,mslp,PASS,,889990
2017070600,72,mslp,PASS,,935792
2017070600,24,pwat,PASS,,462260
2017070600,48,pwat,PASS,,466324
2017070600,72,pwat,PASS,,472872
2017070700,24,u850,PASS,,847737
2017070700,48,u850,PASS,,861166
2017070700,72,u850,PASS,,862096
2017070700,24,v850,PASS,,856551
2017070700,48,v850,PASS,,877694
2017070700,72,v850,PASS,,877890
2017070700,24,q700,PASS,,199657
2017070700,48,q700,PASS,,203299
2017070700,72,q700,PASS,,202953
2017070700,24,z500,PASS,,199487
2017070700,48,z500,PASS,,201752
2017070700,72,z500,PASS,,202714
2017070700,24,mslp,PASS,,922617
2017070700,48,mslp,PASS,,931058
2017070700,72,mslp,PASS,,928608
2017070700,24,pwat,PASS,,463850
2017070700,48,pwat,PASS,,469595
2017070700,72,pwat,PASS,,472317
2017070800,24,u850,PASS,,845934
2017070800,48,u850,PASS,,858416
2017070800,72,u850,PASS,,865212
2017070800,24,v850,PASS,,860818
2017070800,48,v850,PASS,,868523
2017070800,72,v850,PASS,,882239
2017070800,24,q700,PASS,,199581
2017070800,48,q700,PASS,,201515
2017070800,72,q700,PASS,,204582
2017070800,24,z500,PASS,,198272
2017070800,48,z500,PASS,,200848
2017070800,72,z500,PASS,,234728
2017070800,24,mslp,PASS,,918487
2017070800,48,mslp,PASS,,885179
2017070800,72,mslp,PASS,,896599
2017070800,24,pwat,PASS,,467291
2017070800,48,pwat,PASS,,471609
2017070800,72,pwat,PASS,,469500
2017070900,24,u850,PASS,,848195
2017070900,48,u850,PASS,,862421
2017070900,72,u850,PASS,,864859
2017070900,24,v850,PASS,,859570
2017070900,48,v850,PASS,,877975
2017070900,72,v850,PASS,,886152
2017070900,24,q700,PASS,,198039
2017070900,48,q700,PASS,,203765
2017070900,72,q700,PASS,,205573
2017070900,24,z500,PASS,,197477
2017070900,48,z500,PASS,,233202
2017070900,72,z500,PASS,,204551
2017070900,24,mslp,PASS,,878925
2017070900,48,mslp,PASS,,890280
2017070900,72,mslp,PASS,,895061
2017070900,24,pwat,PASS,,462235
2017070900,48,pwat,PASS,,468891
2017070900,72,pwat,PASS,,476881
2017071000,24,u850,PASS,,850769
2017071000,48,u850,PASS,,860397
2017071000,72,u850,PASS,,866133
2017071000,24,v850,PASS,,862518
2017071000,48,v850,PASS,,881463
2017071000,72,v850,PASS,,891159
2017071000,24,q700,PASS,,199918
2017071000,48,q700,PASS,,204175
2017071000,72,q700,PASS,,206236
2017071000,24,z500,PASS,,230365
2017071000,48,z500,PASS,,203553
2017071000,72,z500,PASS,,204181
2017071000,24,mslp,PASS,,921785
2017071000,48,mslp,PASS,,894055
2017071000,72,mslp,PASS,,896957
2017071000,24,pwat,PASS,,465601
2017071000,48,pwat,PASS,,469896
2017071000,72,pwat,PASS,,475716
2017071100,24,u850,PASS,,848086
2017071100,48,u850,PASS,,866155
2017071100,72,u850,PASS,,869003
2017071100,24,v850,PASS,,865380
2017071100,48,v850,PASS,,885682
2017071100,72,v850,PASS,,887581
2017071100,24,q700,PASS,,201553
2017071100,48,q700,PASS,,204945
2017071100,72,q700,PASS,,205805
2017071100,24,z500,PASS,,200121
2017071100,48,z500,PASS,,202611
2017071100,72,z500,PASS,,203843
2017071100,24,mslp,PASS,,924820
2017071100,48,mslp,PASS,,931939
2017071100,72,mslp,PASS,,937364
2017071100,24,pwat,PASS,,464715
2017071100,48,pwat,PASS,,472939
2017071100,72,pwat,PASS,,476067
2017071200,24,u850,PASS,,851559
2017071200,48,u850,PASS,,867922
2017071200,72,u850,PASS,,867358
2017071200,24,v850,PASS,,870654
2017071200,48,v850,PASS,,886128
2017071200,72,v850,PASS,,885372
2017071200,24,q700,PASS,,201722
2017071200,48,q700,PASS,,204518
2017071200,72,q700,PASS,,206954
2017071200,24,z500,PASS,,199648
2017071200,48,z500,PASS,,202624
2017071200,72,z500,PASS,,204662
2017071200,24,mslp,PASS,,924530
2017071200,48,mslp,PASS,,935416
2017071200,72,mslp,PASS,,936867
2017071200,24,pwat,PASS,,465386
2017071200,48,pwat,PASS,,471422
2017071200,72,pwat,PASS,,477871
2017071300,24,u850,PASS,,855302
2017071300,48,u850,PASS,,864546
2017071300,72,u850,PASS,,862848
2017071300,24,v850,PASS,,867971
2017071300,48,v850,PASS,,880359
2017071300,72,v850,PASS,,879896
2017071300,24,q700,PASS,,201304
2017071300,48,q700,PASS,,204589
2017071300,72,q700,PASS,,206718
2017071300,24,z500,PASS,,199824
2017071300,48,z500,PASS,,203349
2017071300,72,z500,PASS,,204872
2017071300,24,mslp,PASS,,924033
2017071300,48,mslp,PASS,,932595
2017071300,72,mslp,PASS,,897353
2017071300,24,pwat,PASS,,468431
2017071300,48,pwat,PASS,,471398
2017071300,72,pwat,PASS,,471840
2017071400,24,u850,PASS,,853675
2017071400,48,u850,PASS,,858943
2017071400,72,u850,PASS,,862617
2017071400,24,v850,PASS,,863349
2017071400,48,v850,PASS,,875292
2017071400,72,v850,PASS,,881846
2017071400,24,q700,PASS,,201683
2017071400,48,q700,PASS,,204518
2017071400,72,q700,PASS,,204612
2017071400,24,z500,PASS,,199874
2017071400,48,z500,PASS,,203526
2017071400,72,z500,PASS,,204777
2017071400,24,mslp,PASS,,929947
2017071400,48,mslp,PASS,,896941
2017071400,72,mslp,PASS,,898323
2017071400,24,pwat,PASS,,468147
2017071400,48,pwat,PASS,,469796
2017071400,72,pwat,PASS,,474511
2017071500,24,u850,PASS,,842411
2017071500,48,u850,PASS,,864682
2017071500,72,u850,PASS,,868035
2017071500,24,v850,PASS,,856670
2017071500,48,v850,PASS,,877268
2017071500,72,v850,PASS,,886071
2017071500,24,q700,PASS,,201549
2017071500,48,q700,PASS,,204216
2017071500,72,q700,PASS,,204829
2017071500,24,z500,PASS,,200085
2017071500,48,z500,PASS,,204665
2017071500,72,z500,PASS,,204219
2017071500,24,mslp,PASS,,883545
2017071500,48,mslp,PASS,,897238
2017071500,72,mslp,PASS,,930777
2017071500,24,pwat,PASS,,463017
2017071500,48,pwat,PASS,,472799
2017071500,72,pwat,PASS,,472279
2017071600,24,u850,PASS,,850701
2017071600,48,u850,PASS,,860375
2017071600,72,u850,PASS,,862182
2017071600,24,v850,PASS,,861272
2017071600,48,v850,PASS,,881555
2017071600,72,v850,PASS,,885627
2017071600,24,q700,PASS,,201254
2017071600,48,q700,PASS,,204596
2017071600,72,q700,PASS,,205924
2017071600,24,z500,PASS,,201158
2017071600,48,z500,PASS,,203364
2017071600,72,z500,PASS,,204695
2017071600,24,mslp,PASS,,888548
2017071600,48,mslp,PASS,,929049
2017071600,72,mslp,PASS,,895299
2017071600,24,pwat,PASS,,466788
2017071600,48,pwat,PASS,,471341
2017071600,72,pwat,PASS,,468576
2017071700,24,u850,PASS,,853473
2017071700,48,u850,PASS,,859100
2017071700,72,u850,PASS,,864399
2017071700,24,v850,PASS,,867639
2017071700,48,v850,PASS,,877343
2017071700,72,v850,PASS,,880317
2017071700,24,q700,PASS,,201029
2017071700,48,q700,PASS,,204334
2017071700,72,q700,PASS,,204700
2017071700,24,z500,PASS,,200714
2017071700,48,z500,PASS,,203655
2017071700,72,z500,PASS,,202760
2017071700,24,mslp,PASS,,922277
2017071700,48,mslp,PASS,,930468
2017071700,72,mslp,PASS,,889186
2017071700,24,pwat,PASS,,462580
2017071700,48,pwat,PASS,,471853
2017071700,72,pwat,PASS,,467944
2017071800,24,u850,PASS,,844497
2017071800,48,u850,PASS,,861224
2017071800,72,u850,PASS,,857744
2017071800,24,v850,PASS,,858305
2017071800,48,v850,PASS,,878055
2017071800,72,v850,PASS,,877882
2017071800,24,q700,PASS,,199965
2017071800,48,q700,PASS,,203558
2017071800,72,q700,PASS,,204284
2017071800,24,z500,PASS,,200042
2017071800,48,z500,PASS,,201863
2017071800,72,z500,PASS,,202087
2017071800,24,mslp,PASS,,921338
2017071800,48,mslp,PASS,,927730
2017071800,72,mslp,PASS,,891371
2017071800,24,pwat,PASS,,464267
2017071800,48,pwat,PASS,,469875
2017071800,72,pwat,PASS,,466641
2017071900,24,u850,PASS,,848367
2017071900,48,u850,PASS,,854533
2017071900,72,u850,PASS,,863026
2017071900,24,v850,PASS,,862754
2017071900,48,v850,PASS,,873177
2017071900,72,v850,PASS,,875001
2017071900,24,q700,PASS,,200203
2017071900,48,q700,PASS,,202945
2017071900,72,q700,PASS,,204357
2017071900,24,z500,PASS,,198494
2017071900,48,z500,PASS,,202032
2017071900,72,z500,PASS,,203372
2017071900,24,mslp,PASS,,919412
2017071900,48,mslp,PASS,,889938
2017071900,72,mslp,PASS,,891086
2017071900,24,pwat,PASS,,461916
2017071900,48,pwat,PASS,,468849
2017071900,72,pwat,PASS,,470478
2017072000,24,u850,PASS,,843008
2017072000,48,u850,PASS,,857215
2017072000,72,u850,PASS,,866596
2017072000,24,v850,PASS,,859416
2017072000,48,v850,PASS,,875396
2017072000,72,v850,PASS,,882389
2017072000,24,q700,PASS,,199909
2017072000,48,q700,PASS,,203281
2017072000,72,q700,PASS,,202955
2017072000,24,z500,PASS,,199723
2017072000,48,z500,PASS,,202709
2017072000,72,z500,PASS,,204138
2017072000,24,mslp,PASS,,883567
2017072000,48,mslp,PASS,,890122
2017072000,72,mslp,PASS,,769152
2017072000,24,pwat,PASS,,458201
2017072000,48,pwat,PASS,,470876
2017072000,72,pwat,PASS,,470852
2017072100,24,u850,PASS,,850446
2017072100,48,u850,PASS,,863172
2017072100,72,u850,PASS,,902598
2017072100,24,v850,PASS,,855838
2017072100,48,v850,PASS,,877140
2017072100,72,v850,PASS,,882824
2017072100,24,q700,PASS,,200525
2017072100,48,q700,PASS,,202729
2017072100,72,q700,PASS,,203463
2017072100,24,z500,PASS,,198272
2017072100,48,z500,PASS,,203713
2017072100,72,z500,PASS,,204009
2017072100,24,mslp,PASS,,883357
2017072100,48,mslp,PASS,,766348
2017072100,72,mslp,PASS,,892371
2017072100,24,pwat,PASS,,460082
2017072100,48,pwat,PASS,,466678
2017072100,72,pwat,PASS,,471341
2017072200,24,u850,PASS,,845976
2017072200,48,u850,PASS,,902228
2017072200,72,u850,PASS,,499027
2017072200,24,v850,PASS,,857822
2017072200,48,v850,PASS,,878730
2017072200,72,v850,PASS,,514288
2017072200,24,q700,PASS,,199562
2017072200,48,q700,PASS,,202243
2017072200,72,q700,PASS,,204222
2017072200,24,z500,PASS,,200326
2017072200,48,z500,PASS,,204552
2017072200,72,z500,PASS,,206168
2017072200,24,mslp,PASS,,760716
2017072200,48,mslp,PASS,,891709
2017072200,72,mslp,PASS,,891435
2017072200,24,pwat,PASS,,463257
2017072200,48,pwat,PASS,,469240
2017072200,72,pwat,PASS,,466893
2017072300,24,u850,PASS,,849060
2017072300,48,u850,PASS,,859951
2017072300,72,u850,PASS,,858299
2017072300,24,v850,PASS,,857134
2017072300,48,v850,PASS,,875289
2017072300,72,v850,PASS,,878617
2017072300,24,q700,PASS,,198537
2017072300,48,q700,PASS,,201822
2017072300,72,q700,PASS,,203341
2017072300,24,z500,PASS,,199986
2017072300,48,z500,PASS,,203624
2017072300,72,z500,PASS,,234472
2017072300,24,mslp,PASS,,882769
2017072300,48,mslp,PASS,,889039
2017072300,72,mslp,PASS,,893909
2017072300,24,pwat,PASS,,461903
2017072300,48,pwat,PASS,,469044
2017072300,72,pwat,PASS,,467845
2017072400,24,u850,PASS,,848257
2017072400,48,u850,PASS,,857114
2017072400,72,u850,PASS,,863344
2017072400,24,v850,PASS,,859899
2017072400,48,v850,PASS,,876471
2017072400,72,v850,PASS,,882977
2017072400,24,q700,PASS,,199107
2017072400,48,q700,PASS,,202493
2017072400,72,q700,PASS,,203300
2017072400,24,z500,PASS,,200303
2017072400,48,z500,PASS,,234090
2017072400,72,z500,PASS,,204893
2017072400,24,mslp,PASS,,881517
2017072400,48,mslp,PASS,,891214
2017072400,72,mslp,PASS,,938464
2017072400,24,pwat,PASS,,462544
2017072400,48,pwat,PASS,,469870
2017072400,72,pwat,PASS,,474129
2017072500,24,u850,PASS,,844254
2017072500,48,u850,PASS,,859588
2017072500,72,u850,PASS,,861860
2017072500,24,v850,PASS,,855714
2017072500,48,v850,PASS,,874187
2017072500,72,v850,PASS,,883045
2017072500,24,q700,PASS,,197669
2017072500,48,q700,PASS,,202262
2017072500,72,q700,PASS,,204305
2017072500,24,z500,PASS,,230831
2017072500,48,z500,PASS,,234430
2017072500,72,z500,PASS,,235017
2017072500,24,mslp,PASS,,882793
2017072500,48,mslp,PASS,,934434
2017072500,72,mslp,PASS,,893237
2017072500,24,pwat,PASS,,463589
2017072500,48,pwat,PASS,,468178
2017072500,72,pwat,PASS,,470027
2017072600,24,u850,PASS,,851097
2017072600,48,u850,PASS,,863267
2017072600,72,u850,PASS,,863688
2017072600,24,v850,PASS,,861865
2017072600,48,v850,PASS,,879682
2017072600,72,v850,PASS,,882360
2017072600,24,q700,PASS,,199321
2017072600,48,q700,PASS,,204181
2017072600,72,q700,PASS,,206132
2017072600,24,z500,PASS,,230563
2017072600,48,z500,PASS,,234554
2017072600,72,z500,PASS,,204267
2017072600,24,mslp,PASS,,887370
2017072600,48,mslp,PASS,,892718
2017072600,72,mslp,PASS,,936209
2017072600,24,pwat,PASS,,461890
2017072600,48,pwat,PASS,,470700
2017072600,72,pwat,PASS,,472450
2017072700,24,u850,PASS,,853094
2017072700,48,u850,PASS,,861128
2017072700,72,u850,PASS,,866252
2017072700,24,v850,PASS,,865813
2017072700,48,v850,PASS,,876876
2017072700,72,v850,PASS,,881112
2017072700,24,q700,PASS,,201280
2017072700,48,q700,PASS,,205301
2017072700,72,q700,PASS,,206397
2017072700,24,z500,PASS,,230617
2017072700,48,z500,PASS,,203388
2017072700,72,z500,PASS,,205192
2017072700,24,mslp,PASS,,884956
2017072700,48,mslp,PASS,,934659
2017072700,72,mslp,PASS,,939363
2017072700,24,pwat,PASS,,469168
2017072700,48,pwat,PASS,,474278
2017072700,72,pwat,PASS,,471535
2017072800,24,u850,PASS,,483354
2017072800,48,u850,PASS,,862604
2017072800,72,u850,PASS,,862307
2017072800,24,v850,PASS,,505025
2017072800,48,v850,PASS,,877159
2017072800,72,v850,PASS,,876770
2017072800,24,q700,PASS,,202286
2017072800,48,q700,PASS,,206180
2017072800,72,q700,PASS,,205127
2017072800,24,z500,PASS,,201917
2017072800,48,z500,PASS,,235962
2017072800,72,z500,PASS,,236201
2017072800,24,mslp,PASS,,923688
2017072800,48,mslp,PASS,,933449
2017072800,72,mslp,PASS,,893450
2017072800,24,pwat,PASS,,465599
2017072800,48,pwat,PASS,,470996
2017072800,72,pwat,PASS,,473882
2017072900,24,u850,PASS,,850485
2017072900,48,u850,PASS,,858215
2017072900,72,u850,PASS,,903274
2017072900,24,v850,PASS,,863550
2017072900,48,v850,PASS,,873542
2017072900,72,v850,PASS,,878157
2017072900,24,q700,PASS,,202348
2017072900,48,q700,PASS,,203883
2017072900,72,q700,PASS,,203267
2017072900,24,z500,PASS,,232894
2017072900,48,z500,PASS,,203748
2017072900,72,z500,PASS,,235170
2017072900,24,mslp,PASS,,925559
2017072900,48,mslp,PASS,,927709
2017072900,72,mslp,PASS,,931672
2017072900,24,pwat,PASS,,464709
2017072900,48,pwat,PASS,,467897
2017072900,72,pwat,PASS,,469078
2017073000,24,u850,PASS,,849287
2017073000,48,u850,PASS,,489281
2017073000,72,u850,PASS,,862210
2017073000,24,v850,PASS,,858927
2017073000,48,v850,PASS,,511851
2017073000,72,v850,PASS,,876293
2017073000,24,q700,PASS,,200683
2017073000,48,q700,PASS,,201825
2017073000,72,q700,PASS,,201720
2017073000,24,z500,PASS,,201145
2017073000,48,z500,PASS,,202837
2017073000,72,z500,PASS,,203308
2017073000,24,mslp,PASS,,883528
2017073000,48,mslp,PASS,,891003
2017073000,72,mslp,PASS,,889131
2017073000,24,pwat,PASS,,461141
2017073000,48,pwat,PASS,,469867
2017073000,72,pwat,PASS,,465667
2017073100,24,u850,PASS,,482449
2017073100,48,u850,PASS,,857977
2017073100,72,u850,PASS,,857903
2017073100,24,v850,PASS,,498394
2017073100,48,v850,PASS,,874656
2017073100,72,v850,PASS,,875963
2017073100,24,q700,PASS,,199109
2017073100,48,q700,PASS,,201356
2017073100,72,q700,PASS,,201877
2017073100,24,z500,PASS,,202375
2017073100,48,z500,PASS,,202558
2017073100,72,z500,PASS,,200634
2017073100,24,mslp,PASS,,926376
2017073100,48,mslp,PASS,,928109
2017073100,72,mslp,PASS,,926452
2017073100,24,pwat,PASS,,464054
2017073100,48,pwat,PASS,,466588
2017073100,72,pwat,PASS,,465184
