initialization,product,member,status,reason,source_chunk_bytes_shared
2017070100,day1_24h,c00,PASS,,9863354
2017070100,day2_24h,c00,FAIL,ValueError: negative difference exceeds packing bound for 27--30,9863354
2017070100,day3_24h,c00,FAIL,ValueError: negative difference exceeds packing bound for 51--54,9863354
2017070100,day1_24h,p01,PASS,,8536127
2017070100,day2_24h,p01,PASS,,8536127
2017070100,day3_24h,p01,FAIL,ValueError: negative difference exceeds packing bound for 51--54,8536127
2017070100,day1_24h,p02,PASS,,8123346
2017070100,day2_24h,p02,FAIL,ValueError: negative difference exceeds packing bound for 27--30,8123346
2017070100,day3_24h,p02,PASS,,8123346
2017070100,day1_24h,p03,PASS,,8700961
2017070100,day2_24h,p03,FAIL,ValueError: negative difference exceeds packing bound for 27--30,8700961
2017070100,day3_24h,p03,FAIL,ValueError: negative difference exceeds packing bound for 51--54,8700961
2017070100,day1_24h,p04,PASS,,7705993
2017070100,day2_24h,p04,FAIL,ValueError: negative difference exceeds packing bound for 27--30,7705993
2017070100,day3_24h,p04,PASS,,7705993
2017070200,day1_24h,c00,PASS,,9877767
2017070200,day2_24h,c00,PASS,,9877767
2017070200,day3_24h,c00,PASS,,9877767
2017070200,day1_24h,p01,PASS,,7938016
2017070200,day2_24h,p01,PASS,,7938016
2017070200,day3_24h,p01,FAIL,ValueError: negative difference exceeds packing bound for 51--54,7938016
2017070200,day1_24h,p02,PASS,,7943343
2017070200,day2_24h,p02,FAIL,ValueError: negative difference exceeds packing bound for 27--30,7943343
2017070200,day3_24h,p02,FAIL,ValueError: negative difference exceeds packing bound for 51--54,7943343
2017070200,day1_24h,p03,PASS,,7902437
2017070200,day2_24h,p03,PASS,,7902437
2017070200,day3_24h,p03,PASS,,7902437
2017070200,day1_24h,p04,PASS,,7955426
2017070200,day2_24h,p04,PASS,,7955426
2017070200,day3_24h,p04,FAIL,ValueError: negative difference exceeds packing bound for 51--54,7955426
2017070300,day1_24h,c00,PASS,,9988940
2017070300,day2_24h,c00,FAIL,ValueError: negative difference exceeds packing bound for 27--30,9988940
2017070300,day3_24h,c00,FAIL,ValueError: negative difference exceeds packing bound for 51--54,9988940
2017070300,day1_24h,p01,PASS,,7222706
2017070300,day2_24h,p01,FAIL,ValueError: negative difference exceeds packing bound for 27--30,7222706
2017070300,day3_24h,p01,PASS,,7222706
2017070300,day1_24h,p02,PASS,,7649317
2017070300,day2_24h,p02,PASS,,7649317
2017070300,day3_24h,p02,PASS,,7649317
2017070300,day1_24h,p03,PASS,,7061196
2017070300,day2_24h,p03,PASS,,7061196
2017070300,day3_24h,p03,PASS,,7061196
2017070300,day1_24h,p04,PASS,,7235977
2017070300,day2_24h,p04,PASS,,7235977
2017070300,day3_24h,p04,PASS,,7235977
2017070400,day1_24h,c00,PASS,,8927119
2017070400,day2_24h,c00,FAIL,ValueError: negative difference exceeds packing bound for 27--30,8927119
2017070400,day3_24h,c00,PASS,,8927119
2017070400,day1_24h,p01,PASS,,7820044
2017070400,day2_24h,p01,FAIL,ValueError: negative difference exceeds packing bound for 27--30,7820044
2017070400,day3_24h,p01,PASS,,7820044
2017070400,day1_24h,p02,PASS,,7598583
2017070400,day2_24h,p02,PASS,,7598583
2017070400,day3_24h,p02,PASS,,7598583
2017070400,day1_24h,p03,PASS,,8249917
2017070400,day2_24h,p03,PASS,,8249917
2017070400,day3_24h,p03,FAIL,ValueError: negative difference exceeds packing bound for 51--54,8249917
2017070400,day1_24h,p04,PASS,,7249232
2017070400,day2_24h,p04,PASS,,7249232
2017070400,day3_24h,p04,PASS,,7249232
2017070500,day1_24h,c00,PASS,,9317580
2017070500,day2_24h,c00,PASS,,9317580
2017070500,day3_24h,c00,PASS,,9317580
2017070500,day1_24h,p01,PASS,,7633193
2017070500,day2_24h,p01,PASS,,7633193
2017070500,day3_24h,p01,FAIL,ValueError: negative difference exceeds packing bound for 51--54,7633193
2017070500,day1_24h,p02,PASS,,7415488
2017070500,day2_24h,p02,PASS,,7415488
2017070500,day3_24h,p02,FAIL,ValueError: negative difference exceeds packing bound for 51--54,7415488
2017070500,day1_24h,p03,PASS,,8067751
2017070500,day2_24h,p03,PASS,,8067751
2017070500,day3_24h,p03,FAIL,ValueError: negative difference exceeds packing bound for 51--54,8067751
2017070500,day1_24h,p04,PASS,,7670626
2017070500,day2_24h,p04,PASS,,7670626
2017070500,day3_24h,p04,PASS,,7670626
2017070600,day1_24h,c00,PASS,,9923390
2017070600,day2_24h,c00,PASS,,9923390
2017070600,day3_24h,c00,FAIL,ValueError: negative difference exceeds packing bound for 51--54,9923390
2017070600,day1_24h,p01,PASS,,7774226
2017070600,day2_24h,p01,PASS,,7774226
2017070600,day3_24h,p01,FAIL,ValueError: negative difference exceeds packing bound for 51--54,7774226
2017070600,day1_24h,p02,PASS,,7650784
2017070600,day2_24h,p02,PASS,,7650784
2017070600,day3_24h,p02,FAIL,ValueError: negative difference exceeds packing bound for 51--54,7650784
2017070600,day1_24h,p03,PASS,,8008115
2017070600,day2_24h,p03,PASS,,8008115
2017070600,day3_24h,p03,FAIL,ValueError: negative difference exceeds packing bound for 51--54,8008115
2017070600,day1_24h,p04,PASS,,7800195
2017070600,day2_24h,p04,PASS,,7800195
2017070600,day3_24h,p04,PASS,,7800195
2017070700,day1_24h,c00,PASS,,8868699
2017070700,day2_24h,c00,FAIL,ValueError: negative difference exceeds packing bound for 27--30,8868699
2017070700,day3_24h,c00,FAIL,ValueError: negative difference exceeds packing bound for 51--54,8868699
2017070700,day1_24h,p01,PASS,,7334740
2017070700,day2_24h,p01,PASS,,7334740
2017070700,day3_24h,p01,PASS,,7334740
2017070700,day1_24h,p02,PASS,,8166421
2017070700,day2_24h,p02,PASS,,8166421
2017070700,day3_24h,p02,PASS,,8166421
2017070700,day1_24h,p03,PASS,,7352826
2017070700,day2_24h,p03,PASS,,7352826
2017070700,day3_24h,p03,FAIL,ValueError: negative difference exceeds packing bound for 51--54,7352826
2017070700,day1_24h,p04,PASS,,7807585
2017070700,day2_24h,p04,PASS,,7807585
2017070700,day3_24h,p04,PASS,,7807585
2017070800,day1_24h,c00,PASS,,8948614
2017070800,day2_24h,c00,PASS,,8948614
2017070800,day3_24h,c00,FAIL,ValueError: negative difference exceeds packing bound for 51--54,8948614
2017070800,day1_24h,p01,PASS,,7482681
2017070800,day2_24h,p01,PASS,,7482681
2017070800,day3_24h,p01,PASS,,7482681
2017070800,day1_24h,p02,PASS,,7644216
2017070800,day2_24h,p02,FAIL,ValueError: negative difference exceeds packing bound for 27--30,7644216
2017070800,day3_24h,p02,FAIL,ValueError: negative difference exceeds packing bound for 51--54,7644216
2017070800,day1_24h,p03,PASS,,8539946
2017070800,day2_24h,p03,PASS,,8539946
2017070800,day3_24h,p03,FAIL,ValueError: negative difference exceeds packing bound for 51--54,8539946
2017070800,day1_24h,p04,PASS,,7235959
2017070800,day2_24h,p04,PASS,,7235959
2017070800,day3_24h,p04,PASS,,7235959
2017070900,day1_24h,c00,PASS,,9455081
2017070900,day2_24h,c00,FAIL,ValueError: negative difference exceeds packing bound for 27--30,9455081
2017070900,day3_24h,c00,FAIL,ValueError: negative difference exceeds packing bound for 51--54,9455081
2017070900,day1_24h,p01,PASS,,7981541
2017070900,day2_24h,p01,PASS,,7981541
2017070900,day3_24h,p01,PASS,,7981541
2017070900,day1_24h,p02,PASS,,7716053
2017070900,day2_24h,p02,PASS,,7716053
2017070900,day3_24h,p02,PASS,,7716053
2017070900,day1_24h,p03,PASS,,7546525
2017070900,day2_24h,p03,FAIL,ValueError: negative difference exceeds packing bound for 27--30,7546525
2017070900,day3_24h,p03,PASS,,7546525
2017070900,day1_24h,p04,PASS,,8596691
2017070900,day2_24h,p04,PASS,,8596691
2017070900,day3_24h,p04,FAIL,ValueError: negative difference exceeds packing bound for 51--54,8596691
2017071000,day1_24h,c00,PASS,,8966425
2017071000,day2_24h,c00,PASS,,8966425
2017071000,day3_24h,c00,PASS,,8966425
2017071000,day1_24h,p01,PASS,,7810371
2017071000,day2_24h,p01,FAIL,ValueError: negative difference exceeds packing bound for 27--30,7810371
2017071000,day3_24h,p01,PASS,,7810371
2017071000,day1_24h,p02,PASS,,7370014
2017071000,day2_24h,p02,PASS,,7370014
2017071000,day3_24h,p02,PASS,,7370014
2017071000,day1_24h,p03,PASS,,7968020
2017071000,day2_24h,p03,PASS,,7968020
2017071000,day3_24h,p03,PASS,,7968020
2017071000,day1_24h,p04,PASS,,8181187
2017071000,day2_24h,p04,PASS,,8181187
2017071000,day3_24h,p04,FAIL,ValueError: negative difference exceeds packing bound for 51--54,8181187
2017071100,day1_24h,c00,PASS,,8993111
2017071100,day2_24h,c00,FAIL,ValueError: negative difference exceeds packing bound for 27--30,8993111
2017071100,day3_24h,c00,PASS,,8993111
2017071100,day1_24h,p01,PASS,,8475626
2017071100,day2_24h,p01,FAIL,ValueError: negative difference exceeds packing bound for 27--30,8475626
2017071100,day3_24h,p01,PASS,,8475626
2017071100,day1_24h,p02,PASS,,7674746
2017071100,day2_24h,p02,PASS,,7674746
2017071100,day3_24h,p02,PASS,,7674746
2017071100,day1_24h,p03,PASS,,8007151
2017071100,day2_24h,p03,PASS,,8007151
2017071100,day3_24h,p03,PASS,,8007151
2017071100,day1_24h,p04,PASS,,7223433
2017071100,day2_24h,p04,PASS,,7223433
2017071100,day3_24h,p04,PASS,,7223433
2017071200,day1_24h,c00,PASS,,9682390
2017071200,day2_24h,c00,FAIL,ValueError: negative difference exceeds packing bound for 27--30,9682390
2017071200,day3_24h,c00,PASS,,9682390
2017071200,day1_24h,p01,PASS,,7860931
2017071200,day2_24h,p01,PASS,,7860931
2017071200,day3_24h,p01,FAIL,ValueError: negative difference exceeds packing bound for 51--54,7860931
2017071200,day1_24h,p02,PASS,,7465772
2017071200,day2_24h,p02,FAIL,ValueError: negative difference exceeds packing bound for 27--30,7465772
2017071200,day3_24h,p02,PASS,,7465772
2017071200,day1_24h,p03,PASS,,7617888
2017071200,day2_24h,p03,FAIL,ValueError: negative difference exceeds packing bound for 27--30,7617888
2017071200,day3_24h,p03,PASS,,7617888
2017071200,day1_24h,p04,PASS,,7833920
2017071200,day2_24h,p04,FAIL,ValueError: negative difference exceeds packing bound for 27--30,7833920
2017071200,day3_24h,p04,FAIL,ValueError: negative difference exceeds packing bound for 51--54,7833920
2017071300,day1_24h,c00,PASS,,9418946
2017071300,day2_24h,c00,PASS,,9418946
2017071300,day3_24h,c00,PASS,,9418946
2017071300,day1_24h,p01,PASS,,7637579
2017071300,day2_24h,p01,PASS,,7637579
2017071300,day3_24h,p01,PASS,,7637579
2017071300,day1_24h,p02,PASS,,7418224
2017071300,day2_24h,p02,PASS,,7418224
2017071300,day3_24h,p02,PASS,,7418224
2017071300,day1_24h,p03,PASS,,7820383
2017071300,day2_24h,p03,PASS,,7820383
2017071300,day3_24h,p03,PASS,,7820383
2017071300,day1_24h,p04,PASS,,8070341
2017071300,day2_24h,p04,FAIL,ValueError: negative difference exceeds packing bound for 27--30,8070341
2017071300,day3_24h,p04,PASS,,8070341
2017071400,day1_24h,c00,PASS,,9153958
2017071400,day2_24h,c00,PASS,,9153958
2017071400,day3_24h,c00,FAIL,ValueError: negative difference exceeds packing bound for 51--54,9153958
2017071400,day1_24h,p01,PASS,,7624044
2017071400,day2_24h,p01,PASS,,7624044
2017071400,day3_24h,p01,PASS,,7624044
2017071400,day1_24h,p02,PASS,,8008975
2017071400,day2_24h,p02,PASS,,8008975
2017071400,day3_24h,p02,PASS,,8008975
2017071400,day1_24h,p03,PASS,,7171124
2017071400,day2_24h,p03,PASS,,7171124
2017071400,day3_24h,p03,PASS,,7171124
2017071400,day1_24h,p04,PASS,,8089532
2017071400,day2_24h,p04,PASS,,8089532
2017071400,day3_24h,p04,PASS,,8089532
2017071500,day1_24h,c00,PASS,,8684338
2017071500,day2_24h,c00,PASS,,8684338
2017071500,day3_24h,c00,FAIL,ValueError: negative difference exceeds packing bound for 51--54,8684338
2017071500,day1_24h,p01,PASS,,8196566
2017071500,day2_24h,p01,PASS,,8196566
2017071500,day3_24h,p01,PASS,,8196566
2017071500,day1_24h,p02,PASS,,7588536
2017071500,day2_24h,p02,PASS,,7588536
2017071500,day3_24h,p02,PASS,,7588536
2017071500,day1_24h,p03,PASS,,7928224
2017071500,day2_24h,p03,PASS,,7928224
2017071500,day3_24h,p03,PASS,,7928224
2017071500,day1_24h,p04,PASS,,8026794
2017071500,day2_24h,p04,PASS,,8026794
2017071500,day3_24h,p04,PASS,,8026794
2017071600,day1_24h,c00,PASS,,9241403
2017071600,day2_24h,c00,FAIL,ValueError: negative difference exceeds packing bound for 27--30,9241403
2017071600,day3_24h,c00,FAIL,ValueError: negative difference exceeds packing bound for 51--54,9241403
2017071600,day1_24h,p01,PASS,,7709285
2017071600,day2_24h,p01,PASS,,7709285
2017071600,day3_24h,p01,PASS,,7709285
2017071600,day1_24h,p02,PASS,,7548020
2017071600,day2_24h,p02,PASS,,7548020
2017071600,day3_24h,p02,PASS,,7548020
2017071600,day1_24h,p03,PASS,,7525353
2017071600,day2_24h,p03,PASS,,7525353
2017071600,day3_24h,p03,FAIL,ValueError: negative difference exceeds packing bound for 51--54,7525353
2017071600,day1_24h,p04,PASS,,7720482
2017071600,day2_24h,p04,PASS,,7720482
2017071600,day3_24h,p04,PASS,,7720482
2017071700,day1_24h,c00,PASS,,7937212
2017071700,day2_24h,c00,FAIL,ValueError: negative difference exceeds packing bound for 27--30,7937212
2017071700,day3_24h,c00,PASS,,7937212
2017071700,day1_24h,p01,PASS,,7389843
2017071700,day2_24h,p01,FAIL,ValueError: negative difference exceeds packing bound for 27--30,7389843
2017071700,day3_24h,p01,PASS,,7389843
2017071700,day1_24h,p02,PASS,,7511683
2017071700,day2_24h,p02,PASS,,7511683
2017071700,day3_24h,p02,FAIL,ValueError: negative difference exceeds packing bound for 51--54,7511683
2017071700,day1_24h,p03,PASS,,7456206
2017071700,day2_24h,p03,FAIL,ValueError: negative difference exceeds packing bound for 27--30,7456206
2017071700,day3_24h,p03,PASS,,7456206
2017071700,day1_24h,p04,PASS,,7425588
2017071700,day2_24h,p04,PASS,,7425588
2017071700,day3_24h,p04,PASS,,7425588
2017071800,day1_24h,c00,PASS,,8880096
2017071800,day2_24h,c00,PASS,,8880096
2017071800,day3_24h,c00,PASS,,8880096
2017071800,day1_24h,p01,PASS,,8397563
2017071800,day2_24h,p01,FAIL,ValueError: negative difference exceeds packing bound for 27--30,8397563
2017071800,day3_24h,p01,PASS,,8397563
2017071800,day1_24h,p02,PASS,,7825034
2017071800,day2_24h,p02,FAIL,ValueError: negative difference exceeds packing bound for 27--30,7825034
2017071800,day3_24h,p02,PASS,,7825034
2017071800,day1_24h,p03,PASS,,8439687
2017071800,day2_24h,p03,PASS,,8439687
2017071800,day3_24h,p03,PASS,,8439687
2017071800,day1_24h,p04,PASS,,8047779
2017071800,day2_24h,p04,PASS,,8047779
2017071800,day3_24h,p04,PASS,,8047779
2017071900,day1_24h,c00,PASS,,8504318
2017071900,day2_24h,c00,FAIL,ValueError: negative difference exceeds packing bound for 27--30,8504318
2017071900,day3_24h,c00,PASS,,8504318
2017071900,day1_24h,p01,PASS,,7869368
2017071900,day2_24h,p01,PASS,,7869368
2017071900,day3_24h,p01,PASS,,7869368
2017071900,day1_24h,p02,PASS,,7807260
2017071900,day2_24h,p02,FAIL,ValueError: negative difference exceeds packing bound for 27--30,7807260
2017071900,day3_24h,p02,PASS,,7807260
2017071900,day1_24h,p03,PASS,,7446066
2017071900,day2_24h,p03,PASS,,7446066
2017071900,day3_24h,p03,PASS,,7446066
2017071900,day1_24h,p04,PASS,,7410235
2017071900,day2_24h,p04,PASS,,7410235
2017071900,day3_24h,p04,PASS,,7410235
2017072000,day1_24h,c00,PASS,,7863120
2017072000,day2_24h,c00,PASS,,7863120
2017072000,day3_24h,c00,PASS,,7863120
2017072000,day1_24h,p01,PASS,,7032518
2017072000,day2_24h,p01,PASS,,7032518
2017072000,day3_24h,p01,PASS,,7032518
2017072000,day1_24h,p02,PASS,,7635442
2017072000,day2_24h,p02,PASS,,7635442
2017072000,day3_24h,p02,PASS,,7635442
2017072000,day1_24h,p03,PASS,,7624570
2017072000,day2_24h,p03,PASS,,7624570
2017072000,day3_24h,p03,PASS,,7624570
2017072000,day1_24h,p04,PASS,,7609806
2017072000,day2_24h,p04,PASS,,7609806
2017072000,day3_24h,p04,PASS,,7609806
2017072100,day1_24h,c00,PASS,,8303296
2017072100,day2_24h,c00,PASS,,8303296
2017072100,day3_24h,c00,FAIL,ValueError: negative difference exceeds packing bound for 51--54,8303296
2017072100,day1_24h,p01,PASS,,7274080
2017072100,day2_24h,p01,PASS,,7274080
2017072100,day3_24h,p01,PASS,,7274080
2017072100,day1_24h,p02,PASS,,7783428
2017072100,day2_24h,p02,FAIL,ValueError: negative difference exceeds packing bound for 27--30,7783428
2017072100,day3_24h,p02,PASS,,7783428
2017072100,day1_24h,p03,PASS,,7394110
2017072100,day2_24h,p03,PASS,,7394110
2017072100,day3_24h,p03,PASS,,7394110
2017072100,day1_24h,p04,PASS,,7456012
2017072100,day2_24h,p04,PASS,,7456012
2017072100,day3_24h,p04,PASS,,7456012
2017072200,day1_24h,c00,PASS,,8275992
2017072200,day2_24h,c00,PASS,,8275992
2017072200,day3_24h,c00,FAIL,ValueError: negative difference exceeds packing bound for 51--54,8275992
2017072200,day1_24h,p01,PASS,,7367574
2017072200,day2_24h,p01,PASS,,7367574
2017072200,day3_24h,p01,PASS,,7367574
2017072200,day1_24h,p02,PASS,,6949788
2017072200,day2_24h,p02,PASS,,6949788
2017072200,day3_24h,p02,FAIL,ValueError: negative difference exceeds packing bound for 51--54,6949788
2017072200,day1_24h,p03,PASS,,6955149
2017072200,day2_24h,p03,PASS,,6955149
2017072200,day3_24h,p03,PASS,,6955149
2017072200,day1_24h,p04,PASS,,7646675
2017072200,day2_24h,p04,PASS,,7646675
2017072200,day3_24h,p04,PASS,,7646675
2017072300,day1_24h,c00,PASS,,8083780
2017072300,day2_24h,c00,FAIL,ValueError: negative difference exceeds packing bound for 27--30,8083780
2017072300,day3_24h,c00,PASS,,8083780
2017072300,day1_24h,p01,PASS,,7592595
2017072300,day2_24h,p01,PASS,,7592595
2017072300,day3_24h,p01,PASS,,7592595
2017072300,day1_24h,p02,PASS,,6795102
2017072300,day2_24h,p02,PASS,,6795102
2017072300,day3_24h,p02,PASS,,6795102
2017072300,day1_24h,p03,PASS,,7649047
2017072300,day2_24h,p03,PASS,,7649047
2017072300,day3_24h,p03,PASS,,7649047
2017072300,day1_24h,p04,PASS,,7192750
2017072300,day2_24h,p04,PASS,,7192750
2017072300,day3_24h,p04,PASS,,7192750
2017072400,day1_24h,c00,PASS,,8294236
2017072400,day2_24h,c00,PASS,,8294236
2017072400,day3_24h,c00,PASS,,8294236
2017072400,day1_24h,p01,PASS,,7453879
2017072400,day2_24h,p01,PASS,,7453879
2017072400,day3_24h,p01,PASS,,7453879
2017072400,day1_24h,p02,PASS,,7840287
2017072400,day2_24h,p02,PASS,,7840287
2017072400,day3_24h,p02,PASS,,7840287
2017072400,day1_24h,p03,PASS,,7004421
2017072400,day2_24h,p03,PASS,,7004421
2017072400,day3_24h,p03,PASS,,7004421
2017072400,day1_24h,p04,PASS,,7668978
2017072400,day2_24h,p04,PASS,,7668978
2017072400,day3_24h,p04,PASS,,7668978
2017072500,day1_24h,c00,PASS,,8082750
2017072500,day2_24h,c00,FAIL,ValueError: negative difference exceeds packing bound for 27--30,8082750
2017072500,day3_24h,c00,PASS,,8082750
2017072500,day1_24h,p01,PASS,,6728711
2017072500,day2_24h,p01,PASS,,6728711
2017072500,day3_24h,p01,PASS,,6728711
2017072500,day1_24h,p02,PASS,,7201011
2017072500,day2_24h,p02,PASS,,7201011
2017072500,day3_24h,p02,PASS,,7201011
2017072500,day1_24h,p03,PASS,,7395486
2017072500,day2_24h,p03,PASS,,7395486
2017072500,day3_24h,p03,PASS,,7395486
2017072500,day1_24h,p04,PASS,,7587525
2017072500,day2_24h,p04,FAIL,ValueError: negative difference exceeds packing bound for 27--30,7587525
2017072500,day3_24h,p04,PASS,,7587525
2017072600,day1_24h,c00,PASS,,7708462
2017072600,day2_24h,c00,FAIL,ValueError: negative difference exceeds packing bound for 27--30,7708462
2017072600,day3_24h,c00,FAIL,ValueError: negative difference exceeds packing bound for 51--54,7708462
2017072600,day1_24h,p01,PASS,,6774188
2017072600,day2_24h,p01,PASS,,6774188
2017072600,day3_24h,p01,PASS,,6774188
2017072600,day1_24h,p02,PASS,,7413223
2017072600,day2_24h,p02,PASS,,7413223
2017072600,day3_24h,p02,FAIL,ValueError: negative difference exceeds packing bound for 51--54,7413223
2017072600,day1_24h,p03,PASS,,7201506
2017072600,day2_24h,p03,PASS,,7201506
2017072600,day3_24h,p03,PASS,,7201506
2017072600,day1_24h,p04,PASS,,6783632
2017072600,day2_24h,p04,PASS,,6783632
2017072600,day3_24h,p04,PASS,,6783632
2017072700,day1_24h,c00,PASS,,7477504
2017072700,day2_24h,c00,PASS,,7477504
2017072700,day3_24h,c00,PASS,,7477504
2017072700,day1_24h,p01,PASS,,7727643
2017072700,day2_24h,p01,FAIL,ValueError: negative difference exceeds packing bound for 27--30,7727643
2017072700,day3_24h,p01,PASS,,7727643
2017072700,day1_24h,p02,PASS,,7926117
2017072700,day2_24h,p02,FAIL,ValueError: negative difference exceeds packing bound for 27--30,7926117
2017072700,day3_24h,p02,PASS,,7926117
2017072700,day1_24h,p03,PASS,,7486850
2017072700,day2_24h,p03,FAIL,ValueError: negative difference exceeds packing bound for 27--30,7486850
2017072700,day3_24h,p03,PASS,,7486850
2017072700,day1_24h,p04,PASS,,7062711
2017072700,day2_24h,p04,PASS,,7062711
2017072700,day3_24h,p04,PASS,,7062711
2017072800,day1_24h,c00,PASS,,7703444
2017072800,day2_24h,c00,PASS,,7703444
2017072800,day3_24h,c00,PASS,,7703444
2017072800,day1_24h,p01,PASS,,7632453
2017072800,day2_24h,p01,FAIL,ValueError: negative difference exceeds packing bound for 27--30,7632453
2017072800,day3_24h,p01,FAIL,ValueError: negative difference exceeds packing bound for 51--54,7632453
2017072800,day1_24h,p02,PASS,,7696712
2017072800,day2_24h,p02,FAIL,ValueError: negative difference exceeds packing bound for 27--30,7696712
2017072800,day3_24h,p02,PASS,,7696712
2017072800,day1_24h,p03,PASS,,6793062
2017072800,day2_24h,p03,PASS,,6793062
2017072800,day3_24h,p03,PASS,,6793062
2017072800,day1_24h,p04,PASS,,7229206
2017072800,day2_24h,p04,PASS,,7229206
2017072800,day3_24h,p04,PASS,,7229206
2017072900,day1_24h,c00,PASS,,7920837
2017072900,day2_24h,c00,PASS,,7920837
2017072900,day3_24h,c00,PASS,,7920837
2017072900,day1_24h,p01,PASS,,7395172
2017072900,day2_24h,p01,PASS,,7395172
2017072900,day3_24h,p01,PASS,,7395172
2017072900,day1_24h,p02,PASS,,7067637
2017072900,day2_24h,p02,PASS,,7067637
2017072900,day3_24h,p02,FAIL,ValueError: negative difference exceeds packing bound for 51--54,7067637
2017072900,day1_24h,p03,PASS,,7633764
2017072900,day2_24h,p03,PASS,,7633764
2017072900,day3_24h,p03,PASS,,7633764
2017072900,day1_24h,p04,PASS,,7450492
2017072900,day2_24h,p04,PASS,,7450492
2017072900,day3_24h,p04,PASS,,7450492
2017073000,day1_24h,c00,PASS,,7926054
2017073000,day2_24h,c00,PASS,,7926054
2017073000,day3_24h,c00,PASS,,7926054
2017073000,day1_24h,p01,PASS,,7064314
2017073000,day2_24h,p01,PASS,,7064314
2017073000,day3_24h,p01,PASS,,7064314
2017073000,day1_24h,p02,PASS,,7083360
2017073000,day2_24h,p02,PASS,,7083360
2017073000,day3_24h,p02,PASS,,7083360
2017073000,day1_24h,p03,PASS,,7641524
2017073000,day2_24h,p03,PASS,,7641524
2017073000,day3_24h,p03,PASS,,7641524
2017073000,day1_24h,p04,PASS,,7074818
2017073000,day2_24h,p04,PASS,,7074818
2017073000,day3_24h,p04,PASS,,7074818
2017073100,day1_24h,c00,PASS,,8990149
2017073100,day2_24h,c00,FAIL,ValueError: negative difference exceeds packing bound for 27--30,8990149
2017073100,day3_24h,c00,PASS,,8990149
2017073100,day1_24h,p01,PASS,,7907210
2017073100,day2_24h,p01,PASS,,7907210
2017073100,day3_24h,p01,PASS,,7907210
2017073100,day1_24h,p02,PASS,,7532589
2017073100,day2_24h,p02,PASS,,7532589
2017073100,day3_24h,p02,PASS,,7532589
2017073100,day1_24h,p03,PASS,,7698222
2017073100,day2_24h,p03,PASS,,7698222
2017073100,day3_24h,p03,PASS,,7698222
2017073100,day1_24h,p04,PASS,,8113519
2017073100,day2_24h,p04,FAIL,ValueError: negative difference exceeds packing bound for 27--30,8113519
2017073100,day3_24h,p04,PASS,,8113519
