initialization,product,member,selection_role,algorithm_status,independent_status,independent_reason,status_agrees,independent_formula_max_abs_difference_mm,nonnegative,subtractions,segments
2019060100,day1_24h,c00,june_boundary,PASS,PASS,,True,0.0,True,1,5
2019060100,day2_24h,c00,june_boundary,FAIL,FAIL,independent unavoidable difference exceeds 0.055 mm bound,True,,,,
2019060100,day3_24h,c00,june_boundary,FAIL,FAIL,independent unavoidable difference exceeds 0.055 mm bound,True,,,,
2019061500,day1_24h,c00,dry_observation_extreme,PASS,PASS,,True,0.0,True,1,5
2019061500,day2_24h,c00,dry_observation_extreme,PASS,PASS,,True,0.0,True,1,5
2019061500,day3_24h,c00,dry_observation_extreme,FAIL,FAIL,independent unavoidable difference exceeds 0.055 mm bound,True,,,,
2019072200,day1_24h,c00,july22,PASS,PASS,,True,0.0,True,1,5
2019072200,day2_24h,c00,july22,FAIL,FAIL,independent unavoidable difference exceeds 0.055 mm bound,True,,,,
2019072200,day3_24h,c00,july22,PASS,PASS,,True,0.0,True,1,5
2019080600,day1_24h,c00,wet_observation_extreme,PASS,PASS,,True,0.0,True,1,5
2019080600,day2_24h,c00,wet_observation_extreme,PASS,PASS,,True,0.0,True,1,5
2019080600,day3_24h,c00,wet_observation_extreme,FAIL,FAIL,independent unavoidable difference exceeds 0.055 mm bound,True,,,,
2019093000,day1_24h,c00,september_boundary,PASS,PASS,,True,0.0,True,1,5
2019093000,day2_24h,c00,september_boundary,FAIL,FAIL,independent unavoidable difference exceeds 0.055 mm bound,True,,,,
2019093000,day3_24h,c00,september_boundary,FAIL,FAIL,independent unavoidable difference exceeds 0.055 mm bound,True,,,,
