valid_date,valid_cell_count,masked_cell_count,min_mm,max_mm,mean_mm,p90_mm,p95_mm,heavy_cell_count,very_heavy_cell_count,heavy_valid_area_fraction,very_heavy_valid_area_fraction,heavy_threshold_mm,very_heavy_threshold_mm,extremely_heavy_cell_count,extremely_heavy_valid_area_fraction,extremely_heavy_threshold_mm
2019-06-02,1301,1100,0.0,26.69426918029785,0.25066655115449915,0.0,0.5930217504501343,0,0,0.0,0.0,64.5,115.6,0,0.0,204.5
2019-06-03,1301,1100,0.0,59.3596076965332,3.890257486465067,12.768380165100098,24.42655372619629,0,0,0.0,0.0,64.5,115.6,0,0.0,204.5
2019-06-04,1301,1100,0.0,41.30910110473633,1.7949066990377993,5.286250591278076,13.378700256347656,0,0,0.0,0.0,64.5,115.6,0,0.0,204.5
2019-06-05,1301,1100,0.0,66.128173828125,1.2105039385799534,1.8110997676849365,7.182732105255127,1,0,0.0007879051639442525,0.0,64.5,115.6,0,0.0,204.5
2019-06-06,1301,1100,0.0,83.7791519165039,3.2423870580343905,13.199313163757324,20.773387908935547,1,0,0.0007906453412450625,0.0,64.5,115.6,0,0.0,204.5
2019-06-07,1301,1100,0.0,56.59150695800781,2.0074269383126366,6.96381950378418,12.11021900177002,0,0,0.0,0.0,64.5,115.6,0,0.0,204.5
2019-06-08,1301,1100,0.0,52.07280731201172,2.9343642013335027,9.33320426940918,16.167234420776367,0,0,0.0,0.0,64.5,115.6,0,0.0,204.5
2019-06-09,1301,1100,0.0,29.070924758911133,0.7525467957147354,1.78061044216156,4.338588237762451,0,0,0.0,0.0,64.5,115.6,0,0.0,204.5
2019-06-10,1301,1100,0.0,84.53436279296875,3.5766961894740423,11.016403198242188,19.94363021850586,5,0,0.003927543642499415,0.0,64.5,115.6,0,0.0,204.5
2019-06-11,1301,1100,0.0,72.9984359741211,2.2489606715469614,6.307169437408447,14.73130989074707,2,0,0.0015757953273099596,0.0,64.5,115.6,0,0.0,204.5
2019-06-12,1301,1100,0.0,112.48860168457031,2.610926641776963,7.862096786499023,18.28055191040039,4,0,0.003138175387321036,0.0,64.5,115.6,0,0.0,204.5
2019-06-13,1301,1100,0.0,135.8692626953125,4.494869206315458,13.5459623336792,30.57561683654785,20,3,0.015566563873900194,0.0023466970552615796,64.5,115.6,0,0.0,204.5
2019-06-14,1301,1100,0.0,151.83900451660156,6.3170500717123685,21.997129440307617,40.62092208862305,25,2,0.019221216039217556,0.0015229444405731808,64.5,115.6,0,0.0,204.5
2019-06-15,1301,1100,0.0,101.94660186767578,3.666760601704621,11.651384353637695,24.7918643951416,5,0,0.0037527706727874034,0.0,64.5,115.6,0,0.0,204.5
2019-06-16,1301,1100,0.0,35.834136962890625,1.5179089380916406,5.447347640991211,9.736261367797852,0,0,0.0,0.0,64.5,115.6,0,0.0,204.5
2019-06-17,1301,1100,0.0,25.179811477661133,0.6249551729146652,1.8238121271133423,3.602644443511963,0,0,0.0,0.0,64.5,115.6,0,0.0,204.5
2019-06-18,1301,1100,0.0,55.770286560058594,1.2886277565719713,3.8452768325805664,7.550274848937988,0,0,0.0,0.0,64.5,115.6,0,0.0,204.5
2019-06-19,1301,1100,0.0,68.5879898071289,3.237226667448157,10.436640739440918,20.282520294189453,4,0,0.0031345504336264766,0.0,64.5,115.6,0,0.0,204.5
2019-06-20,1301,1100,0.0,228.24957275390625,3.858931900158834,6.511568546295166,22.388782501220703,21,5,0.016296468193049935,0.0038571212725864,64.5,115.6,1,0.0007716281231321583,204.5
2019-06-21,1301,1100,0.0,92.73223876953125,3.450599262655514,12.637089729309082,21.17306137084961,4,0,0.0030690461715775583,0.0,64.5,115.6,0,0.0,204.5
2019-06-22,1301,1100,0.0,140.81016540527344,5.460035142270443,18.610441207885742,28.909120559692383,14,3,0.010929141936591013,0.0023382468863599225,64.5,115.6,0,0.0,204.5
2019-06-23,1301,1100,0.0,84.84105682373047,7.431315893849944,20.559444427490234,31.11964225769043,8,0,0.006187437931731416,0.0,64.5,115.6,0,0.0,204.5
2019-06-24,1301,1100,0.0,98.64341735839844,8.68407763048239,25.432296752929688,33.67491149902344,12,0,0.009219662828170001,0.0,64.5,115.6,0,0.0,204.5
2019-06-25,1301,1100,0.0,70.89567565917969,5.272747731410385,14.84589958190918,21.623878479003906,3,0,0.00230361099381717,0.0,64.5,115.6,0,0.0,204.5
2019-06-26,1301,1100,0.0,114.57269287109375,4.42333571907193,12.734135627746582,23.06922721862793,5,0,0.0038351365880442997,0.0,64.5,115.6,0,0.0,204.5
2019-06-27,1301,1100,0.0,135.44686889648438,6.439070817607123,21.039236068725586,34.08695602416992,15,4,0.011599144562295898,0.003090369429688144,64.5,115.6,0,0.0,204.5
2019-06-28,1301,1100,0.0,157.9206085205078,8.744528433441154,21.377384185791016,44.1560173034668,49,10,0.03762908521286493,0.007657110447043258,64.5,115.6,0,0.0,204.5
2019-06-29,1301,1100,0.0,393.8091735839844,14.94555945461938,38.03816223144531,87.99215698242188,83,42,0.06342033408497882,0.03204004313135721,64.5,115.6,12,0.009112200920256067,204.5
2019-06-30,1301,1100,0.0,193.6158447265625,15.678284706764044,40.91394805908203,74.24629211425781,75,39,0.05739512748530873,0.02984904652945093,64.5,115.6,0,0.0,204.5
2019-07-01,1301,1100,0.0,325.3714294433594,12.942175981164162,31.265363693237305,58.4306755065918,52,22,0.039574783303732944,0.016668024588723837,64.5,115.6,10,0.0075669543623212805,204.5
2019-07-02,1301,1100,0.0,331.5201721191406,10.531096171183966,27.97450828552246,39.0772590637207,42,25,0.031969485950717934,0.019031897984189736,64.5,115.6,9,0.006844616325618547,204.5
2019-07-03,1301,1100,0.0,92.95187377929688,9.813515200821552,32.12847900390625,45.69038772583008,14,0,0.010607780222530604,0.0,64.5,115.6,0,0.0,204.5
2019-07-04,1301,1100,0.0,101.47708129882812,5.64201931283737,17.88116455078125,27.667314529418945,1,0,0.0007716281231321583,0.0,64.5,115.6,0,0.0,204.5
2019-07-05,1301,1100,0.0,127.19999694824219,8.19351484351072,29.313034057617188,39.96757888793945,11,1,0.008475300856927555,0.0007500507725969402,64.5,115.6,0,0.0,204.5
2019-07-06,1301,1100,0.0,147.86448669433594,12.195810170424709,39.31840515136719,59.95848083496094,57,5,0.04369089626874696,0.003750802775026918,64.5,115.6,0,0.0,204.5
2019-07-07,1301,1100,0.0,263.0617980957031,12.303417447619397,37.384429931640625,64.0690689086914,65,24,0.04956840137840278,0.018216257831922888,64.5,115.6,3,0.0022638585375296424,204.5
2019-07-08,1301,1100,0.0,200.330322265625,8.870473190512133,25.582263946533203,47.028751373291016,31,4,0.023655426193637828,0.003028262305862817,64.5,115.6,0,0.0,204.5
2019-07-09,1301,1100,0.0,143.87918090820312,8.976983517792068,25.235641479492188,43.59492111206055,37,10,0.028340166512492417,0.007623483465214942,64.5,115.6,0,0.0,204.5
2019-07-10,1301,1100,0.0,138.06211853027344,9.088007502171921,30.3009033203125,50.71156692504883,40,5,0.031131742964231757,0.0038953335320932835,64.5,115.6,0,0.0,204.5
2019-07-11,1301,1100,0.0,237.77615356445312,10.65880913715194,32.35966110229492,71.36763763427734,75,19,0.05767693543983637,0.014591240591250923,64.5,115.6,1,0.0007620597407290886,204.5
2019-07-12,1301,1100,0.0,147.3971710205078,7.248856925212998,18.99943733215332,38.032066345214844,36,8,0.027772265176053496,0.006182439292008057,64.5,115.6,0,0.0,204.5
2019-07-13,1301,1100,0.0,104.80204010009766,4.030166777593873,12.350747108459473,21.66213607788086,8,0,0.006261472323050876,0.0,64.5,115.6,0,0.0,204.5
2019-07-14,1301,1100,0.0,82.88980102539062,4.550306374079717,13.720178604125977,26.332294464111328,4,0,0.0031216663897172714,0.0,64.5,115.6,0,0.0,204.5
2019-07-15,1301,1100,0.0,125.94972229003906,5.746570430478392,15.16899299621582,32.72863006591797,21,3,0.016237898555612994,0.0023266632026616722,64.5,115.6,0,0.0,204.5
2019-07-16,1301,1100,0.0,98.7817153930664,3.7753846049938726,9.77408504486084,20.510360717773438,15,0,0.011601545336153096,0.0,64.5,115.6,0,0.0,204.5
2019-07-17,1301,1100,0.0,167.49534606933594,3.9106411549229056,9.63786506652832,22.180166244506836,8,2,0.006181861074116461,0.0015481471980582464,64.5,115.6,0,0.0,204.5
2019-07-18,1301,1100,0.0,41.208351135253906,1.9806916063836133,6.154114723205566,11.258965492248535,0,0,0.0,0.0,64.5,115.6,0,0.0,204.5
2019-07-19,1301,1100,0.0,165.54103088378906,8.388610078784982,23.641321182250977,38.42808151245117,25,5,0.019684798125422127,0.003917044108615041,64.5,115.6,0,0.0,204.5
2019-07-20,1301,1100,0.0,272.2645263671875,14.12271704083791,38.61960983276367,58.030418395996094,59,10,0.04601442940579844,0.00785007584014353,64.5,115.6,4,0.0031472252479775335,204.5
2019-07-21,1301,1100,0.0,116.51204681396484,12.561657165296714,36.35548400878906,53.53581237792969,40,2,0.03092365559528826,0.0015429321970248995,64.5,115.6,0,0.0,204.5
2019-07-22,1301,1100,0.0,159.3773193359375,7.951566128777505,25.139400482177734,42.036128997802734,34,4,0.026544853807847373,0.003132881187094596,64.5,115.6,0,0.0,204.5
2019-07-23,1301,1100,0.0,267.84674072265625,8.877415914841563,21.20867156982422,45.65900802612305,52,20,0.04052820646974201,0.015578900769922185,64.5,115.6,2,0.0015504677887548486,204.5
2019-07-24,1301,1100,0.0,222.1275634765625,6.069598866278716,15.131330490112305,36.778011322021484,37,4,0.028602957876675234,0.0030771185474447846,64.5,115.6,1,0.0007675215621280259,204.5
2019-07-25,1301,1100,0.0,182.00633239746094,9.92712916333592,28.38298225402832,62.2006721496582,62,13,0.04735959768247019,0.009866034168824948,64.5,115.6,0,0.0,204.5
2019-07-26,1301,1100,0.0,147.6322479248047,14.429396305631254,41.2343864440918,56.333003997802734,41,1,0.031202518044664458,0.000757429009624148,64.5,115.6,0,0.0,204.5
2019-07-27,1301,1100,0.0,364.3852233886719,19.80738914289514,47.85840606689453,72.25611877441406,86,36,0.06580309439885125,0.027496120709536144,64.5,115.6,14,0.01066704716163631,204.5
2019-07-28,1301,1100,0.0,267.0084228515625,12.573533878692475,33.66584014892578,51.83757019042969,48,14,0.03634444784622819,0.0106401439391089,64.5,115.6,3,0.002283907273365865,204.5
2019-07-29,1301,1100,0.0,219.84202575683594,13.954078390633116,39.18597412109375,54.244476318359375,44,8,0.033604704463520395,0.006113175320944587,64.5,115.6,1,0.0007574290096241095,204.5
2019-07-30,1301,1100,0.0,280.91461181640625,22.94756012655033,67.91639709472656,101.53925323486328,136,41,0.10339904564197508,0.031212809616277783,64.5,115.6,3,0.0022732932217215847,204.5
2019-07-31,1301,1100,0.0,172.22874450683594,16.289485321617146,50.782310485839844,72.91924285888672,90,16,0.06825681062782965,0.012132913029403348,64.5,115.6,0,0.0,204.5
2019-08-01,1301,1100,0.0,162.09869384765625,11.412646032835456,35.96615219116211,58.79195785522461,55,8,0.04159780596212673,0.0060508610455114594,64.5,115.6,0,0.0,204.5
2019-08-02,1301,1100,0.0,236.5991668701172,12.88604017672953,36.846126556396484,58.60978698730469,44,10,0.03360598270680039,0.007626557591556157,64.5,115.6,1,0.0007653805277196467,204.5
2019-08-03,1301,1100,0.0,293.1243591308594,24.120356351979,65.83417510986328,98.49104309082031,134,49,0.10199637444175678,0.037234535126165404,64.5,115.6,12,0.009128718928288699,204.5
2019-08-04,1301,1100,0.0,451.3998107910156,23.864916783539172,72.35074615478516,138.06814575195312,147,77,0.1119195010800401,0.05840865169506945,64.5,115.6,30,0.02274372752582149,204.5
2019-08-05,1301,1100,0.0,476.97259521484375,22.867820785423135,76.58733367919922,117.56654357910156,158,70,0.1209635658995912,0.05331109029224511,64.5,115.6,21,0.015934736085753007,204.5
2019-08-06,1301,1100,0.0,317.8310546875,22.690921839495562,68.55146789550781,126.22855377197266,134,76,0.10388884704148342,0.05893405547947641,64.5,115.6,17,0.01314181525287779,204.5
2019-08-07,1301,1100,0.0,267.45556640625,23.903159761645306,85.1934585571289,110.08979034423828,174,59,0.13492137260390955,0.04578125582221325,64.5,115.6,3,0.00231137437686009,204.5
2019-08-08,1301,1100,0.0,249.9145965576172,23.734236037497517,67.16695404052734,106.21460723876953,138,57,0.10721198347238678,0.044484837656729344,64.5,115.6,6,0.004685020540455973,204.5
2019-08-09,1301,1100,0.0,331.4232482910156,30.859942515620492,95.6113052368164,150.0984344482422,200,106,0.15415725120299334,0.08209787264696268,64.5,115.6,28,0.02195316234425344,204.5
2019-08-10,1301,1100,0.0,310.6883850097656,22.42899058216311,75.22116088867188,117.52597045898438,159,68,0.12266569542873497,0.05272768172194125,64.5,115.6,16,0.012442809064918669,204.5
2019-08-11,1301,1100,0.0,170.3697967529297,12.095639883882033,45.62868118286133,74.32176971435547,82,19,0.06353541276893708,0.0148678076426812,64.5,115.6,0,0.0,204.5
2019-08-12,1301,1100,0.0,54.757286071777344,3.9369427944368165,13.027552604675293,22.261455535888672,0,0,0.0,0.0,64.5,115.6,0,0.0,204.5
2019-08-13,1301,1100,0.0,119.61044311523438,5.073609358686195,12.737837791442871,24.878557205200195,22,1,0.017063154802284524,0.0007849249830978942,64.5,115.6,0,0.0,204.5
2019-08-14,1301,1100,0.0,140.4716339111328,8.95488464338655,23.946237564086914,52.74617004394531,41,11,0.03151023789208872,0.008356235665315124,64.5,115.6,0,0.0,204.5
2019-08-15,1301,1100,0.0,203.71310424804688,9.66631337419599,25.891584396362305,48.38858413696289,35,10,0.027248871254007854,0.007781786303871954,64.5,115.6,0,0.0,204.5
2019-08-16,1301,1100,0.0,94.97135162353516,4.426608705943268,12.902649879455566,19.70620346069336,5,0,0.0038929555369506923,0.0,64.5,115.6,0,0.0,204.5
2019-08-17,1301,1100,0.0,125.70968627929688,7.732694737991171,23.548412322998047,33.16828155517578,10,1,0.007867135477043014,0.00078414254211167,64.5,115.6,0,0.0,204.5
2019-08-18,1301,1100,0.0,117.46638488769531,3.505547324783934,9.040355682373047,16.65756607055664,4,1,0.0031279380667178806,0.000785692480243914,64.5,115.6,0,0.0,204.5
2019-08-19,1301,1100,0.0,104.52832794189453,6.7571787258737555,19.138160705566406,27.63833999633789,8,0,0.0062496481697400085,0.0,64.5,115.6,0,0.0,204.5
2019-08-20,1301,1100,0.0,97.61551666259766,6.580014870733275,20.915111541748047,28.616321563720703,4,0,0.003111557707200765,0.0,64.5,115.6,0,0.0,204.5
2019-08-21,1301,1100,0.0,61.130043029785156,5.36687185635345,16.57218360900879,24.708166122436523,0,0,0.0,0.0,64.5,115.6,0,0.0,204.5
2019-08-22,1301,1100,0.0,87.3914566040039,7.897906316010472,23.75156021118164,33.01967239379883,6,0,0.004704524523009996,0.0,64.5,115.6,0,0.0,204.5
2019-08-23,1301,1100,0.0,85.7289047241211,8.010770084649943,21.729909896850586,29.1729736328125,12,0,0.009190885727954276,0.0,64.5,115.6,0,0.0,204.5
2019-08-24,1301,1100,0.0,68.50159454345703,5.159480309275643,16.010831832885742,27.536100387573242,3,0,0.0023475539551075482,0.0,64.5,115.6,0,0.0,204.5
2019-08-25,1301,1100,0.0,112.20134735107422,4.858698241670346,13.3429594039917,22.136211395263672,16,0,0.012085795240531338,0.0,64.5,115.6,0,0.0,204.5
2019-08-26,1301,1100,0.0,104.82127380371094,6.011803290523949,19.905582427978516,31.2607421875,14,0,0.0107057458910615,0.0,64.5,115.6,0,0.0,204.5
2019-08-27,1301,1100,0.0,93.2520980834961,6.764405132347946,25.66592025756836,39.471397399902344,10,0,0.007755224105758076,0.0,64.5,115.6,0,0.0,204.5
2019-08-28,1301,1100,0.0,66.20504760742188,2.6781063984727327,8.193635940551758,15.974047660827637,1,0,0.0007500507725969784,0.0,64.5,115.6,0,0.0,204.5
2019-08-29,1301,1100,0.0,59.349369049072266,2.9603935306309097,9.916881561279297,17.377843856811523,0,0,0.0,0.0,64.5,115.6,0,0.0,204.5
2019-08-30,1301,1100,0.0,114.3659896850586,5.702096268998532,17.710769653320312,32.68354415893555,12,0,0.009371635145339372,0.0,64.5,115.6,0,0.0,204.5
2019-08-31,1301,1100,0.0,132.07164001464844,9.494486067418315,27.853137969970703,39.238094329833984,13,3,0.009968289841421753,0.00234087706375319,64.5,115.6,0,0.0,204.5
2019-09-01,1301,1100,0.0,119.79582214355469,13.925574955426667,35.9859504699707,52.68069076538086,35,1,0.026851282335948405,0.0007745538610607846,64.5,115.6,0,0.0,204.5
2019-09-02,1301,1100,0.0,115.79761505126953,13.284705138408066,40.68183898925781,56.42934799194336,45,1,0.034512369563537294,0.000763181206620877,64.5,115.6,0,0.0,204.5
2019-09-03,1301,1100,0.0,132.11866760253906,9.680771863559041,26.938615798950195,42.93791580200195,35,7,0.026906504114562083,0.005365958695486058,64.5,115.6,0,0.0,204.5
2019-09-04,1301,1100,0.0,227.6058807373047,13.110433503739152,36.90691375732422,58.38946533203125,54,19,0.041416629131867284,0.014517014099784677,64.5,115.6,3,0.002290636026014136,204.5
2019-09-05,1301,1100,0.0,208.3598175048828,17.62457630905873,55.00906753540039,84.18740844726562,102,32,0.07832877474590003,0.024561031811742743,64.5,115.6,1,0.0007538044713683101,204.5
2019-09-06,1301,1100,0.0,179.38650512695312,11.210900891993157,40.668495178222656,59.04191589355469,50,10,0.03829572643059311,0.0076245374874513204,64.5,115.6,0,0.0,204.5
2019-09-07,1301,1100,0.0,206.09622192382812,11.241421120949978,35.293365478515625,62.31559371948242,61,10,0.04665834378833193,0.007587745199213615,64.5,115.6,1,0.0007525675583054176,204.5
2019-09-08,1301,1100,0.0,219.9084930419922,13.64675679360212,49.39131546020508,82.7603530883789,99,27,0.07567419419982219,0.020506425992264394,64.5,115.6,1,0.0007716281231321583,204.5
2019-09-09,1301,1100,0.0,107.55560302734375,10.19295557331205,33.06160354614258,54.260196685791016,38,0,0.02922949035267938,0.0,64.5,115.6,0,0.0,204.5
2019-09-10,1301,1100,0.0,256.11907958984375,8.40283434302027,23.970932006835938,39.14471435546875,24,3,0.0180625552767107,0.0022475926683315794,64.5,115.6,2,0.0014975418957346393,204.5
2019-09-11,1301,1100,0.0,150.45960998535156,6.76344819596577,18.477624893188477,33.16802978515625,18,1,0.01355404313867891,0.0007500507725969784,64.5,115.6,0,0.0,204.5
2019-09-12,1301,1100,0.0,109.43338775634766,11.4739262946265,32.925384521484375,44.03746032714844,20,0,0.015240117459430665,0.0,64.5,115.6,0,0.0,204.5
2019-09-13,1301,1100,0.0,110.53950500488281,8.283422291828613,25.98401641845703,38.82026290893555,8,0,0.006044043411224425,0.0,64.5,115.6,0,0.0,204.5
2019-09-14,1301,1100,0.0,152.0,6.694991654588295,22.898221969604492,31.798450469970703,9,1,0.006888887171432727,0.0007899828441509342,64.5,115.6,0,0.0,204.5
2019-09-15,1301,1100,0.0,216.40438842773438,7.7029468043378735,20.17206382751465,31.059476852416992,19,5,0.014560275361421566,0.003785936838306554,64.5,115.6,2,0.001514858019248219,204.5
2019-09-16,1301,1100,0.0,136.85055541992188,6.7407278500033465,20.979503631591797,30.297266006469727,15,3,0.011684358331958791,0.002330193405080619,64.5,115.6,0,0.0,204.5
2019-09-17,1301,1100,0.0,123.03447723388672,7.2484050716726625,18.288818359375,31.989259719848633,15,2,0.011621057964083715,0.0015528613040282709,64.5,115.6,0,0.0,204.5
2019-09-18,1301,1100,0.0,202.33090209960938,12.478087299396725,32.34061813354492,46.7231330871582,24,2,0.018432832528541478,0.0015392082935955567,64.5,115.6,0,0.0,204.5
2019-09-19,1301,1100,0.0,159.48736572265625,13.313866378274172,32.6840705871582,42.5415153503418,17,5,0.01327750766944434,0.003916710947145941,64.5,115.6,0,0.0,204.5
2019-09-20,1301,1100,0.0,103.95855712890625,12.544665972708648,33.401344299316406,41.83173370361328,16,0,0.012381077551158247,0.0,64.5,115.6,0,0.0,204.5
2019-09-21,1301,1100,0.0,79.94253540039062,6.1574680576706555,19.191198348999023,28.422592163085938,6,0,0.004528898396405702,0.0,64.5,115.6,0,0.0,204.5
2019-09-22,1301,1100,0.0,94.29369354248047,5.111501936433546,16.537723541259766,25.327478408813477,3,0,0.0023382765701693894,0.0,64.5,115.6,0,0.0,204.5
2019-09-23,1301,1100,0.0,92.3174819946289,5.790116675547414,17.26788902282715,28.32297134399414,7,0,0.005440773940442128,0.0,64.5,115.6,0,0.0,204.5
2019-09-24,1301,1100,0.0,134.7505645751953,13.399991381463868,38.128761291503906,48.93593978881836,27,1,0.021031312618441923,0.0007879051639442525,64.5,115.6,0,0.0,204.5
2019-09-25,1301,1100,0.0,112.65422058105469,13.879671238964104,38.64817428588867,59.350914001464844,46,0,0.03528627516942507,0.0,64.5,115.6,0,0.0,204.5
2019-09-26,1301,1100,0.0,124.42750549316406,14.562608832709612,31.396381378173828,39.793643951416016,13,1,0.009985923424053824,0.0007864450189375938,64.5,115.6,0,0.0,204.5
2019-09-27,1301,1100,0.0,101.00524139404297,9.162771181039496,25.122486114501953,32.81515884399414,7,0,0.005310682636783275,0.0,64.5,115.6,0,0.0,204.5
2019-09-28,1301,1100,0.0,146.56764221191406,5.9813309109309465,18.2088623046875,30.703800201416016,8,3,0.0060768981380084006,0.0023061541922701715,64.5,115.6,0,0.0,204.5
2019-09-29,1301,1100,0.0,96.33102416992188,3.548112187714965,9.861316680908203,23.545400619506836,5,0,0.003745063286740077,0.0,64.5,115.6,0,0.0,204.5
2019-09-30,1301,1100,0.0,304.18707275390625,6.9420523826407985,18.296955108642578,34.769920349121094,29,9,0.02183745379101724,0.006720750252907576,64.5,115.6,1,0.0007461685564869552,204.5
2019-10-01,1301,1100,0.0,65.97267150878906,3.5186081987724775,11.247729301452637,18.85147476196289,1,0,0.00078414254211171,0.0,64.5,115.6,0,0.0,204.5
2019-10-02,1301,1100,0.0,105.13666534423828,3.8728761233269116,12.020206451416016,19.3272705078125,3,0,0.0022678254310927693,0.0,64.5,115.6,0,0.0,204.5
2019-10-03,1301,1100,0.0,65.64830017089844,1.7255246104253061,4.5475358963012695,9.575812339782715,1,0,0.0007856924802438741,0.0,64.5,115.6,0,0.0,204.5
