month,product,member,expected,valid,quarantined,permanent_failures
2019-06,day1_24h,c00,30,6,24,0
2019-06,day1_24h,p01,30,18,12,0
2019-06,day1_24h,p02,30,17,13,0
2019-06,day1_24h,p03,30,12,18,0
2019-06,day1_24h,p04,30,11,19,0
2019-06,day2_24h,c00,30,3,27,0
2019-06,day2_24h,p01,30,8,22,0
2019-06,day2_24h,p02,30,11,19,0
2019-06,day2_24h,p03,30,9,21,0
2019-06,day2_24h,p04,30,5,25,0
2019-06,day3_24h,c00,30,2,28,0
2019-06,day3_24h,p01,30,6,24,0
2019-06,day3_24h,p02,30,11,19,0
2019-06,day3_24h,p03,30,9,21,0
2019-06,day3_24h,p04,30,6,24,0
2019-07,day1_24h,c00,31,3,28,0
2019-07,day1_24h,p01,31,11,20,0
2019-07,day1_24h,p02,31,16,15,0
2019-07,day1_24h,p03,31,11,20,0
2019-07,day1_24h,p04,31,15,16,0
2019-07,day2_24h,c00,31,2,29,0
2019-07,day2_24h,p01,31,11,20,0
2019-07,day2_24h,p02,31,12,19,0
2019-07,day2_24h,p03,31,9,22,0
2019-07,day2_24h,p04,31,13,18,0
2019-07,day3_24h,c00,31,2,29,0
2019-07,day3_24h,p01,31,10,21,0
2019-07,day3_24h,p02,31,8,23,0
2019-07,day3_24h,p03,31,10,21,0
2019-07,day3_24h,p04,31,4,27,0
2019-08,day1_24h,c00,31,9,22,0
2019-08,day1_24h,p01,31,11,20,0
2019-08,day1_24h,p02,31,12,19,0
2019-08,day1_24h,p03,31,13,18,0
2019-08,day1_24h,p04,31,19,12,0
2019-08,day2_24h,c00,31,4,27,0
2019-08,day2_24h,p01,31,8,23,0
2019-08,day2_24h,p02,31,7,24,0
2019-08,day2_24h,p03,31,9,22,0
2019-08,day2_24h,p04,31,13,18,0
2019-08,day3_24h,c00,31,5,26,0
2019-08,day3_24h,p01,31,13,18,0
2019-08,day3_24h,p02,31,7,24,0
2019-08,day3_24h,p03,31,11,20,0
2019-08,day3_24h,p04,31,10,21,0
2019-09,day1_24h,c00,30,6,24,0
2019-09,day1_24h,p01,30,19,11,0
2019-09,day1_24h,p02,30,17,13,0
2019-09,day1_24h,p03,30,13,17,0
2019-09,day1_24h,p04,30,14,16,0
2019-09,day2_24h,c00,30,7,23,0
2019-09,day2_24h,p01,30,17,13,0
2019-09,day2_24h,p02,30,9,21,0
2019-09,day2_24h,p03,30,14,16,0
2019-09,day2_24h,p04,30,14,16,0
2019-09,day3_24h,c00,30,3,27,0
2019-09,day3_24h,p01,30,17,13,0
2019-09,day3_24h,p02,30,12,18,0
2019-09,day3_24h,p03,30,12,18,0
2019-09,day3_24h,p04,30,18,12,0
